"DATETIME","CFFEX.IH.2015.05.CLOSE","CFFEX.IH.2015.05.SETTLE","CFFEX.IH.2015.05.VOLUME","CFFEX.IH.2015.06.CLOSE","CFFEX.IH.2015.06.SETTLE","CFFEX.IH.2015.06.VOLUME","CFFEX.IH.2015.07.CLOSE","CFFEX.IH.2015.07.SETTLE","CFFEX.IH.2015.07.VOLUME","CFFEX.IH.2015.08.CLOSE","CFFEX.IH.2015.08.SETTLE","CFFEX.IH.2015.08.VOLUME","CFFEX.IH.2015.09.CLOSE","CFFEX.IH.2015.09.SETTLE","CFFEX.IH.2015.09.VOLUME","CFFEX.IH.2015.10.CLOSE","CFFEX.IH.2015.10.SETTLE","CFFEX.IH.2015.10.VOLUME","CFFEX.IH.2015.11.CLOSE","CFFEX.IH.2015.11.SETTLE","CFFEX.IH.2015.11.VOLUME","CFFEX.IH.2015.12.CLOSE","CFFEX.IH.2015.12.SETTLE","CFFEX.IH.2015.12.VOLUME","CFFEX.IH.2016.01.CLOSE","CFFEX.IH.2016.01.SETTLE","CFFEX.IH.2016.01.VOLUME","CFFEX.IH.2016.02.CLOSE","CFFEX.IH.2016.02.SETTLE","CFFEX.IH.2016.02.VOLUME","CFFEX.IH.2016.03.CLOSE","CFFEX.IH.2016.03.SETTLE","CFFEX.IH.2016.03.VOLUME","CFFEX.IH.2016.04.CLOSE","CFFEX.IH.2016.04.SETTLE","CFFEX.IH.2016.04.VOLUME","CFFEX.IH.2016.05.CLOSE","CFFEX.IH.2016.05.SETTLE","CFFEX.IH.2016.05.VOLUME","CFFEX.IH.2016.06.CLOSE","CFFEX.IH.2016.06.SETTLE","CFFEX.IH.2016.06.VOLUME","CFFEX.IH.2016.09.CLOSE","CFFEX.IH.2016.09.SETTLE","CFFEX.IH.2016.09.VOLUME","CFFEX.IH.2016.12.CLOSE","CFFEX.IH.2016.12.SETTLE","CFFEX.IH.2016.12.VOLUME"
"2015-04-16",3283.8,3223.6,144423,3295,3237.6,10000,NA,NA,NA,NA,NA,NA,3298.8,3251.6,1727,NA,NA,NA,NA,NA,NA,3318.4,3259.4,717,NA,NA,NA,NA,NA,NA,NA,NA,NA,NA,NA,NA,NA,NA,NA,NA,NA,NA,NA,NA,NA,NA,NA,NA
"2015-04-17",3254,3280.8,271224,3267.8,3283.8,17943,NA,NA,NA,NA,NA,NA,3284.6,3301.8,3220,NA,NA,NA,NA,NA,NA,3315.4,3336.6,574,NA,NA,NA,NA,NA,NA,NA,NA,NA,NA,NA,NA,NA,NA,NA,NA,NA,NA,NA,NA,NA,NA,NA,NA
"2015-04-20",3146.8,3176.8,267213,3154,3185.6,20581,NA,NA,NA,NA,NA,NA,3167.6,3194.4,3376,NA,NA,NA,NA,NA,NA,3212.8,3244.8,482,NA,NA,NA,NA,NA,NA,NA,NA,NA,NA,NA,NA,NA,NA,NA,NA,NA,NA,NA,NA,NA,NA,NA,NA
"2015-04-21",3234,3211.2,239311,3238.8,3219,13016,NA,NA,NA,NA,NA,NA,3248.8,3228.4,2094,NA,NA,NA,NA,NA,NA,3298.8,3279.2,411,NA,NA,NA,NA,NA,NA,NA,NA,NA,NA,NA,NA,NA,NA,NA,NA,NA,NA,NA,NA,NA,NA,NA,NA
"2015-04-22",3308,3309.6,239676,3316.4,3312.2,11398,NA,NA,NA,NA,NA,NA,3332,3327,1938,NA,NA,NA,NA,NA,NA,3380.4,3375,311,NA,NA,NA,NA,NA,NA,NA,NA,NA,NA,NA,NA,NA,NA,NA,NA,NA,NA,NA,NA,NA,NA,NA,NA
"2015-04-23",3267.8,3273.2,246929,3271.8,3278.6,12531,NA,NA,NA,NA,NA,NA,3286,3293.2,2723,NA,NA,NA,NA,NA,NA,3334.6,3340.8,284,NA,NA,NA,NA,NA,NA,NA,NA,NA,NA,NA,NA,NA,NA,NA,NA,NA,NA,NA,NA,NA,NA,NA,NA
"2015-04-24",3233,3236.6,224297,3236.8,3238,9437,NA,NA,NA,NA,NA,NA,3243.6,3247,2097,NA,NA,NA,NA,NA,NA,3289.4,3293.8,329,NA,NA,NA,NA,NA,NA,NA,NA,NA,NA,NA,NA,NA,NA,NA,NA,NA,NA,NA,NA,NA,NA,NA,NA
"2015-04-27",3357.6,3326.4,259172,3358,3329.6,13093,NA,NA,NA,NA,NA,NA,3366.6,3341.4,1907,NA,NA,NA,NA,NA,NA,3393.8,3381.6,374,NA,NA,NA,NA,NA,NA,NA,NA,NA,NA,NA,NA,NA,NA,NA,NA,NA,NA,NA,NA,NA,NA,NA,NA
"2015-04-28",3286.8,3287,329692,3292,3294.6,17714,NA,NA,NA,NA,NA,NA,3304.4,3303.2,2886,NA,NA,NA,NA,NA,NA,3352.4,3346.2,434,NA,NA,NA,NA,NA,NA,NA,NA,NA,NA,NA,NA,NA,NA,NA,NA,NA,NA,NA,NA,NA,NA,NA,NA
"2015-04-29",3295.2,3301.6,242567,3302.6,3308,11779,NA,NA,NA,NA,NA,NA,3310.4,3315.6,1752,NA,NA,NA,NA,NA,NA,3353.4,3361.4,296,NA,NA,NA,NA,NA,NA,NA,NA,NA,NA,NA,NA,NA,NA,NA,NA,NA,NA,NA,NA,NA,NA,NA,NA
"2015-04-30",3269.4,3275.4,202408,3276,3282.8,12104,NA,NA,NA,NA,NA,NA,3279.4,3289.6,1023,NA,NA,NA,NA,NA,NA,3325.8,3327.8,264,NA,NA,NA,NA,NA,NA,NA,NA,NA,NA,NA,NA,NA,NA,NA,NA,NA,NA,NA,NA,NA,NA,NA,NA
"2015-05-04",3273.2,3269.4,189061,3279.2,3275.8,11282,NA,NA,NA,NA,NA,NA,3287,3284.4,1343,NA,NA,NA,NA,NA,NA,3333.2,3327.2,298,NA,NA,NA,NA,NA,NA,NA,NA,NA,NA,NA,NA,NA,NA,NA,NA,NA,NA,NA,NA,NA,NA,NA,NA
"2015-05-05",3163,3165.8,217674,3173,3171.4,15195,NA,NA,NA,NA,NA,NA,3178,3180.6,2099,NA,NA,NA,NA,NA,NA,3221.2,3219.2,377,NA,NA,NA,NA,NA,NA,NA,NA,NA,NA,NA,NA,NA,NA,NA,NA,NA,NA,NA,NA,NA,NA,NA,NA
"2015-05-06",3153,3149,261933,3161,3157.8,20601,NA,NA,NA,NA,NA,NA,3165.2,3164.6,2579,NA,NA,NA,NA,NA,NA,3205.8,3205,372,NA,NA,NA,NA,NA,NA,NA,NA,NA,NA,NA,NA,NA,NA,NA,NA,NA,NA,NA,NA,NA,NA,NA,NA
"2015-05-07",3111.2,3128.4,234619,3121.8,3137.4,16244,NA,NA,NA,NA,NA,NA,3130.4,3149,3172,NA,NA,NA,NA,NA,NA,3169.6,3182.8,464,NA,NA,NA,NA,NA,NA,NA,NA,NA,NA,NA,NA,NA,NA,NA,NA,NA,NA,NA,NA,NA,NA,NA,NA
"2015-05-08",3099.8,3099.2,215483,3112.6,3111.4,19808,NA,NA,NA,NA,NA,NA,3121.2,3118.8,2667,NA,NA,NA,NA,NA,NA,3169.8,3159,572,NA,NA,NA,NA,NA,NA,NA,NA,NA,NA,NA,NA,NA,NA,NA,NA,NA,NA,NA,NA,NA,NA,NA,NA
"2015-05-11",3160,3160.8,201465,3178,3173.8,27592,NA,NA,NA,NA,NA,NA,3190,3183.2,3168,NA,NA,NA,NA,NA,NA,3233.4,3225.2,376,NA,NA,NA,NA,NA,NA,NA,NA,NA,NA,NA,NA,NA,NA,NA,NA,NA,NA,NA,NA,NA,NA,NA,NA
"2015-05-12",3175,3173.4,189729,3175.2,3175.6,40560,NA,NA,NA,NA,NA,NA,3185,3183.6,2223,NA,NA,NA,NA,NA,NA,3227.6,3227.6,461,NA,NA,NA,NA,NA,NA,NA,NA,NA,NA,NA,NA,NA,NA,NA,NA,NA,NA,NA,NA,NA,NA,NA,NA
"2015-05-13",3125.4,3129.4,165986,3112.4,3112.6,54352,NA,NA,NA,NA,NA,NA,3121.6,3124.6,3541,NA,NA,NA,NA,NA,NA,3163.2,3161.8,654,NA,NA,NA,NA,NA,NA,NA,NA,NA,NA,NA,NA,NA,NA,NA,NA,NA,NA,NA,NA,NA,NA,NA,NA
"2015-05-14",3129.4,3125.2,106178,3113.4,3111.6,130846,NA,NA,NA,NA,NA,NA,3124.8,3120.8,4052,NA,NA,NA,NA,NA,NA,3167,3164.6,758,NA,NA,NA,NA,NA,NA,NA,NA,NA,NA,NA,NA,NA,NA,NA,NA,NA,NA,NA,NA,NA,NA,NA,NA
"2015-05-15",3073.2,3072.81,42093,3041.4,3077.6,202862,NA,NA,NA,NA,NA,NA,3044.6,3079,6506,NA,NA,NA,NA,NA,NA,3094.2,3129.8,846,NA,NA,NA,NA,NA,NA,NA,NA,NA,NA,NA,NA,NA,NA,NA,NA,NA,NA,NA,NA,NA,NA,NA,NA
"2015-05-18",NA,NA,NA,2969.4,2983,177652,2954,2969.2,3472,NA,NA,NA,2964.4,2980.8,4358,NA,NA,NA,NA,NA,NA,3014,3029,545,NA,NA,NA,NA,NA,NA,NA,NA,NA,NA,NA,NA,NA,NA,NA,NA,NA,NA,NA,NA,NA,NA,NA,NA
"2015-05-19",NA,NA,NA,3143,3113.4,295536,3128.2,3103,6247,NA,NA,NA,3145,3116.4,7537,NA,NA,NA,NA,NA,NA,3192,3163,615,NA,NA,NA,NA,NA,NA,NA,NA,NA,NA,NA,NA,NA,NA,NA,NA,NA,NA,NA,NA,NA,NA,NA,NA
"2015-05-20",NA,NA,NA,3145.2,3157,288447,3129,3140,7948,NA,NA,NA,3146.6,3163.6,7025,NA,NA,NA,NA,NA,NA,3196,3180.6,834,NA,NA,NA,NA,NA,NA,NA,NA,NA,NA,NA,NA,NA,NA,NA,NA,NA,NA,NA,NA,NA,NA,NA,NA
"2015-05-21",NA,NA,NA,3191.4,3175.4,259112,3179,3166,4152,NA,NA,NA,3202,3186,5261,NA,NA,NA,NA,NA,NA,3246.6,3234.6,561,NA,NA,NA,NA,NA,NA,NA,NA,NA,NA,NA,NA,NA,NA,NA,NA,NA,NA,NA,NA,NA,NA,NA,NA
"2015-05-22",NA,NA,NA,3303,3274.6,323497,3295,3266.6,7486,NA,NA,NA,3315,3289.4,10426,NA,NA,NA,NA,NA,NA,3366.4,3343.2,754,NA,NA,NA,NA,NA,NA,NA,NA,NA,NA,NA,NA,NA,NA,NA,NA,NA,NA,NA,NA,NA,NA,NA,NA
"2015-05-25",NA,NA,NA,3413.6,3404.6,294392,3409,3405.4,8723,NA,NA,NA,3435,3425,10278,NA,NA,NA,NA,NA,NA,3486.4,3472.8,1007,NA,NA,NA,NA,NA,NA,NA,NA,NA,NA,NA,NA,NA,NA,NA,NA,NA,NA,NA,NA,NA,NA,NA,NA
"2015-05-26",NA,NA,NA,3417.8,3430.4,346109,3422.8,3426,11743,NA,NA,NA,3453.8,3463.4,12403,NA,NA,NA,NA,NA,NA,3515,3517.8,1179,NA,NA,NA,NA,NA,NA,NA,NA,NA,NA,NA,NA,NA,NA,NA,NA,NA,NA,NA,NA,NA,NA,NA,NA
"2015-05-27",NA,NA,NA,3396.8,3388.8,342601,3392,3388,9187,NA,NA,NA,3429,3421.8,10960,NA,NA,NA,NA,NA,NA,3486,3484,1059,NA,NA,NA,NA,NA,NA,NA,NA,NA,NA,NA,NA,NA,NA,NA,NA,NA,NA,NA,NA,NA,NA,NA,NA
"2015-05-28",NA,NA,NA,3164.6,3189.2,385437,3152,3165.8,15638,NA,NA,NA,3184,3201.6,16512,NA,NA,NA,NA,NA,NA,3238,3260.6,1638,NA,NA,NA,NA,NA,NA,NA,NA,NA,NA,NA,NA,NA,NA,NA,NA,NA,NA,NA,NA,NA,NA,NA,NA
"2015-05-29",NA,NA,NA,3118.6,3109.2,371616,3112.6,3094.2,12363,NA,NA,NA,3140.6,3137.2,14457,NA,NA,NA,NA,NA,NA,3212.6,3209.8,1342,NA,NA,NA,NA,NA,NA,NA,NA,NA,NA,NA,NA,NA,NA,NA,NA,NA,NA,NA,NA,NA,NA,NA,NA
"2015-06-01",NA,NA,NA,3336,3314.2,344357,3336.4,3312.2,12933,NA,NA,NA,3368.2,3346.2,12357,NA,NA,NA,NA,NA,NA,3436,3415.4,1105,NA,NA,NA,NA,NA,NA,NA,NA,NA,NA,NA,NA,NA,NA,NA,NA,NA,NA,NA,NA,NA,NA,NA,NA
"2015-06-02",NA,NA,NA,3295.6,3303.2,356277,3307,3314.8,15391,NA,NA,NA,3332.2,3342.4,13842,NA,NA,NA,NA,NA,NA,3399,3412.2,1160,NA,NA,NA,NA,NA,NA,NA,NA,NA,NA,NA,NA,NA,NA,NA,NA,NA,NA,NA,NA,NA,NA,NA,NA
"2015-06-03",NA,NA,NA,3244.8,3270.8,411425,3251,3278.2,14679,NA,NA,NA,3291.6,3311.6,16273,NA,NA,NA,NA,NA,NA,3354.2,3377.6,953,NA,NA,NA,NA,NA,NA,NA,NA,NA,NA,NA,NA,NA,NA,NA,NA,NA,NA,NA,NA,NA,NA,NA,NA
"2015-06-04",NA,NA,NA,3373.2,3290,535862,3368,3313,30423,NA,NA,NA,3404.2,3324.6,28956,NA,NA,NA,NA,NA,NA,3480,3398,1946,NA,NA,NA,NA,NA,NA,NA,NA,NA,NA,NA,NA,NA,NA,NA,NA,NA,NA,NA,NA,NA,NA,NA,NA
"2015-06-05",NA,NA,NA,3304.8,3310,473292,3304.8,3318.4,27347,NA,NA,NA,3326.8,3330.8,25896,NA,NA,NA,NA,NA,NA,3393,3404.4,1442,NA,NA,NA,NA,NA,NA,NA,NA,NA,NA,NA,NA,NA,NA,NA,NA,NA,NA,NA,NA,NA,NA,NA,NA
"2015-06-08",NA,NA,NA,3535,3517.8,474019,3550,3529.8,29550,NA,NA,NA,3556,3540,22849,NA,NA,NA,NA,NA,NA,3625,3604,1469,NA,NA,NA,NA,NA,NA,NA,NA,NA,NA,NA,NA,NA,NA,NA,NA,NA,NA,NA,NA,NA,NA,NA,NA
"2015-06-09",NA,NA,NA,3415.8,3435.4,558664,3425.8,3448.8,42437,NA,NA,NA,3452.8,3463.6,31496,NA,NA,NA,NA,NA,NA,3515.8,3528.8,1959,NA,NA,NA,NA,NA,NA,NA,NA,NA,NA,NA,NA,NA,NA,NA,NA,NA,NA,NA,NA,NA,NA,NA,NA
"2015-06-10",NA,NA,NA,3365,3400.4,422773,3379.4,3418.6,32836,NA,NA,NA,3390.6,3429.4,20838,NA,NA,NA,NA,NA,NA,3468.4,3497.2,1192,NA,NA,NA,NA,NA,NA,NA,NA,NA,NA,NA,NA,NA,NA,NA,NA,NA,NA,NA,NA,NA,NA,NA,NA
"2015-06-11",NA,NA,NA,3361,3358,394680,3380.2,3375.8,30725,NA,NA,NA,3392.6,3390.2,18587,NA,NA,NA,NA,NA,NA,3456.8,3452,874,NA,NA,NA,NA,NA,NA,NA,NA,NA,NA,NA,NA,NA,NA,NA,NA,NA,NA,NA,NA,NA,NA,NA,NA
"2015-06-12",NA,NA,NA,3405.2,3368.8,360426,3427,3392,30718,NA,NA,NA,3442.4,3403,19026,NA,NA,NA,NA,NA,NA,3497.8,3467.2,599,NA,NA,NA,NA,NA,NA,NA,NA,NA,NA,NA,NA,NA,NA,NA,NA,NA,NA,NA,NA,NA,NA,NA,NA
"2015-06-15",NA,NA,NA,3263.8,3284.8,398272,3276.2,3300.6,54920,NA,NA,NA,3302.4,3325.2,24987,NA,NA,NA,NA,NA,NA,3357.2,3373.4,752,NA,NA,NA,NA,NA,NA,NA,NA,NA,NA,NA,NA,NA,NA,NA,NA,NA,NA,NA,NA,NA,NA,NA,NA
"2015-06-16",NA,NA,NA,3193.4,3186,388570,3207.2,3200.2,74468,NA,NA,NA,3229.8,3227.2,27073,NA,NA,NA,NA,NA,NA,3292.6,3282.8,789,NA,NA,NA,NA,NA,NA,NA,NA,NA,NA,NA,NA,NA,NA,NA,NA,NA,NA,NA,NA,NA,NA,NA,NA
"2015-06-17",NA,NA,NA,3205.4,3212.4,362681,3221.6,3226,113348,NA,NA,NA,3251.4,3256,20345,NA,NA,NA,NA,NA,NA,3311.2,3317.4,876,NA,NA,NA,NA,NA,NA,NA,NA,NA,NA,NA,NA,NA,NA,NA,NA,NA,NA,NA,NA,NA,NA,NA,NA
"2015-06-18",NA,NA,NA,3085.4,3098.2,243040,3103.6,3114.4,235899,NA,NA,NA,3129,3144.2,25594,NA,NA,NA,NA,NA,NA,3174.4,3195.4,1352,NA,NA,NA,NA,NA,NA,NA,NA,NA,NA,NA,NA,NA,NA,NA,NA,NA,NA,NA,NA,NA,NA,NA,NA
"2015-06-19",NA,NA,NA,2993,2990.24,83799,2860,2946.2,464391,NA,NA,NA,2885.6,2979,40762,NA,NA,NA,NA,NA,NA,2899.6,2974.2,2736,NA,NA,NA,NA,NA,NA,NA,NA,NA,NA,NA,NA,NA,NA,NA,NA,NA,NA,NA,NA,NA,NA,NA,NA
"2015-06-23",NA,NA,NA,NA,NA,NA,2982.6,3008,535265,3003.6,3019.8,6232,3023.8,3042.6,40376,NA,NA,NA,NA,NA,NA,3085.4,3097.8,3138,NA,NA,NA,NA,NA,NA,NA,NA,NA,NA,NA,NA,NA,NA,NA,NA,NA,NA,NA,NA,NA,NA,NA,NA
"2015-06-24",NA,NA,NA,NA,NA,NA,3044.2,3040.2,414165,3050.8,3052.2,3965,3083.2,3074.6,24465,NA,NA,NA,NA,NA,NA,3139,3132,1520,NA,NA,NA,NA,NA,NA,NA,NA,NA,NA,NA,NA,NA,NA,NA,NA,NA,NA,NA,NA,NA,NA,NA,NA
"2015-06-25",NA,NA,NA,NA,NA,NA,2919.2,2960.6,473847,2931.6,2969.4,5405,2950,2990,28813,NA,NA,NA,NA,NA,NA,2986.8,3028.6,2200,NA,NA,NA,NA,NA,NA,NA,NA,NA,NA,NA,NA,NA,NA,NA,NA,NA,NA,NA,NA,NA,NA,NA,NA
"2015-06-26",NA,NA,NA,NA,NA,NA,2690,2706.6,661394,2706,2710.2,8097,2720,2727.6,48190,NA,NA,NA,NA,NA,NA,2769.8,2761.8,3778,NA,NA,NA,NA,NA,NA,NA,NA,NA,NA,NA,NA,NA,NA,NA,NA,NA,NA,NA,NA,NA,NA,NA,NA
"2015-06-29",NA,NA,NA,NA,NA,NA,2654.8,2678.6,861208,2674.2,2693.4,10525,2688.6,2714.6,69829,NA,NA,NA,NA,NA,NA,2751.2,2760.4,4545,NA,NA,NA,NA,NA,NA,NA,NA,NA,NA,NA,NA,NA,NA,NA,NA,NA,NA,NA,NA,NA,NA,NA,NA
"2015-06-30",NA,NA,NA,NA,NA,NA,2847.8,2853,649227,2878.6,2868.6,6291,2882.8,2888.6,38182,NA,NA,NA,NA,NA,NA,2933,2929.4,3000,NA,NA,NA,NA,NA,NA,NA,NA,NA,NA,NA,NA,NA,NA,NA,NA,NA,NA,NA,NA,NA,NA,NA,NA
"2015-07-01",NA,NA,NA,NA,NA,NA,2696.2,2748.4,553003,2709.8,2756,5147,2725,2779.8,31881,NA,NA,NA,NA,NA,NA,2753.2,2821.6,2179,NA,NA,NA,NA,NA,NA,NA,NA,NA,NA,NA,NA,NA,NA,NA,NA,NA,NA,NA,NA,NA,NA,NA,NA
"2015-07-02",NA,NA,NA,NA,NA,NA,2740.4,2690.2,632565,2740.6,2699,5916,2760,2718.2,39439,NA,NA,NA,NA,NA,NA,2805.4,2755.8,2490,NA,NA,NA,NA,NA,NA,NA,NA,NA,NA,NA,NA,NA,NA,NA,NA,NA,NA,NA,NA,NA,NA,NA,NA
"2015-07-03",NA,NA,NA,NA,NA,NA,2596,2623.8,582227,2611.6,2635.6,4321,2625.4,2651.8,35730,NA,NA,NA,NA,NA,NA,2677,2694.8,2593,NA,NA,NA,NA,NA,NA,NA,NA,NA,NA,NA,NA,NA,NA,NA,NA,NA,NA,NA,NA,NA,NA,NA,NA
"2015-07-06",NA,NA,NA,NA,NA,NA,2756.8,2736,469021,2758,2741.6,5970,2781.6,2756.4,30434,NA,NA,NA,NA,NA,NA,2826,2811,3216,NA,NA,NA,NA,NA,NA,NA,NA,NA,NA,NA,NA,NA,NA,NA,NA,NA,NA,NA,NA,NA,NA,NA,NA
"2015-07-07",NA,NA,NA,NA,NA,NA,2747,2778,403815,2720,2756.4,5232,2726,2767.4,23170,NA,NA,NA,NA,NA,NA,2752.2,2791.6,2344,NA,NA,NA,NA,NA,NA,NA,NA,NA,NA,NA,NA,NA,NA,NA,NA,NA,NA,NA,NA,NA,NA,NA,NA
"2015-07-08",NA,NA,NA,NA,NA,NA,2500.2,2501.4,168297,2480.8,2480.8,2430,2490.8,2490.8,13210,NA,NA,NA,NA,NA,NA,2512.6,2512.6,1543,NA,NA,NA,NA,NA,NA,NA,NA,NA,NA,NA,NA,NA,NA,NA,NA,NA,NA,NA,NA,NA,NA,NA,NA
"2015-07-09",NA,NA,NA,NA,NA,NA,2751.4,2749.2,273706,2706,2706.4,5728,2701,2709.6,41779,NA,NA,NA,NA,NA,NA,2723.6,2742.6,3604,NA,NA,NA,NA,NA,NA,NA,NA,NA,NA,NA,NA,NA,NA,NA,NA,NA,NA,NA,NA,NA,NA,NA,NA
"2015-07-10",NA,NA,NA,NA,NA,NA,2853,2876,586568,2809.8,2826.8,11984,2780,2810.6,53392,NA,NA,NA,NA,NA,NA,2805,2831,4145,NA,NA,NA,NA,NA,NA,NA,NA,NA,NA,NA,NA,NA,NA,NA,NA,NA,NA,NA,NA,NA,NA,NA,NA
"2015-07-13",NA,NA,NA,NA,NA,NA,2799,2820.8,381964,2772.6,2793.2,10279,2757,2785.4,29347,NA,NA,NA,NA,NA,NA,2773,2799.8,2026,NA,NA,NA,NA,NA,NA,NA,NA,NA,NA,NA,NA,NA,NA,NA,NA,NA,NA,NA,NA,NA,NA,NA,NA
"2015-07-14",NA,NA,NA,NA,NA,NA,2712.6,2697.6,339183,2660.6,2660,17441,2634.4,2636.4,27093,NA,NA,NA,NA,NA,NA,2623.4,2628.4,2320,NA,NA,NA,NA,NA,NA,NA,NA,NA,NA,NA,NA,NA,NA,NA,NA,NA,NA,NA,NA,NA,NA,NA,NA
"2015-07-15",NA,NA,NA,NA,NA,NA,2708,2660.4,344500,2614.8,2584,36882,2591.2,2565.4,26589,NA,NA,NA,NA,NA,NA,2585.8,2563,1677,NA,NA,NA,NA,NA,NA,NA,NA,NA,NA,NA,NA,NA,NA,NA,NA,NA,NA,NA,NA,NA,NA,NA,NA
"2015-07-16",NA,NA,NA,NA,NA,NA,2760.6,2741.8,223454,2692.4,2677.4,152400,2663.2,2653.2,34870,NA,NA,NA,NA,NA,NA,2674.8,2648.4,1598,NA,NA,NA,NA,NA,NA,NA,NA,NA,NA,NA,NA,NA,NA,NA,NA,NA,NA,NA,NA,NA,NA,NA,NA
"2015-07-17",NA,NA,NA,NA,NA,NA,2792.2,2792.24,36370,2742,2770.2,312219,2704.8,2726,32263,NA,NA,NA,NA,NA,NA,2703.4,2720.2,1696,NA,NA,NA,NA,NA,NA,NA,NA,NA,NA,NA,NA,NA,NA,NA,NA,NA,NA,NA,NA,NA,NA,NA,NA
"2015-07-20",NA,NA,NA,NA,NA,NA,NA,NA,NA,2690.4,2689,300532,2658,2659.4,26175,NA,NA,NA,NA,NA,NA,2653,2659.6,1129,NA,NA,NA,NA,NA,NA,2666,2666.6,62,NA,NA,NA,NA,NA,NA,NA,NA,NA,NA,NA,NA,NA,NA,NA
"2015-07-21",NA,NA,NA,NA,NA,NA,NA,NA,NA,2666,2665.4,313348,2619.2,2620.6,24652,NA,NA,NA,NA,NA,NA,2618.2,2618.4,1681,NA,NA,NA,NA,NA,NA,2636,2625,100,NA,NA,NA,NA,NA,NA,NA,NA,NA,NA,NA,NA,NA,NA,NA
"2015-07-22",NA,NA,NA,NA,NA,NA,NA,NA,NA,2632.6,2637.6,232780,2585,2590.6,15819,NA,NA,NA,NA,NA,NA,2577.6,2583.6,823,NA,NA,NA,NA,NA,NA,2588,2595.6,126,NA,NA,NA,NA,NA,NA,NA,NA,NA,NA,NA,NA,NA,NA,NA
"2015-07-23",NA,NA,NA,NA,NA,NA,NA,NA,NA,2745.8,2743.4,282957,2709.6,2700.8,22204,NA,NA,NA,NA,NA,NA,2702,2694,1356,NA,NA,NA,NA,NA,NA,2706.2,2701,77,NA,NA,NA,NA,NA,NA,NA,NA,NA,NA,NA,NA,NA,NA,NA
"2015-07-24",NA,NA,NA,NA,NA,NA,NA,NA,NA,2666.2,2669.8,263171,2632.4,2632.8,21794,NA,NA,NA,NA,NA,NA,2623,2621.8,1139,NA,NA,NA,NA,NA,NA,2611.4,2630.4,133,NA,NA,NA,NA,NA,NA,NA,NA,NA,NA,NA,NA,NA,NA,NA
"2015-07-27",NA,NA,NA,NA,NA,NA,NA,NA,NA,2435,2465.6,256129,2399,2429.6,21883,NA,NA,NA,NA,NA,NA,2378,2414,1400,NA,NA,NA,NA,NA,NA,2385,2410.8,118,NA,NA,NA,NA,NA,NA,NA,NA,NA,NA,NA,NA,NA,NA,NA
"2015-07-28",NA,NA,NA,NA,NA,NA,NA,NA,NA,2422.4,2445.8,346447,2390,2411.4,28564,NA,NA,NA,NA,NA,NA,2360,2379.6,3226,NA,NA,NA,NA,NA,NA,2363,2380.4,200,NA,NA,NA,NA,NA,NA,NA,NA,NA,NA,NA,NA,NA,NA,NA
"2015-07-29",NA,NA,NA,NA,NA,NA,NA,NA,NA,2478.4,2460.4,272411,2445.2,2429.2,19864,NA,NA,NA,NA,NA,NA,2420.8,2406.6,1876,NA,NA,NA,NA,NA,NA,2416.8,2415.4,98,NA,NA,NA,NA,NA,NA,NA,NA,NA,NA,NA,NA,NA,NA,NA
"2015-07-30",NA,NA,NA,NA,NA,NA,NA,NA,NA,2410.4,2408,282109,2372.6,2371.8,20076,NA,NA,NA,NA,NA,NA,2348,2348.2,1857,NA,NA,NA,NA,NA,NA,2349.4,2357,70,NA,NA,NA,NA,NA,NA,NA,NA,NA,NA,NA,NA,NA,NA,NA
"2015-07-31",NA,NA,NA,NA,NA,NA,NA,NA,NA,2412.2,2391.6,262487,2369,2355.8,18911,NA,NA,NA,NA,NA,NA,2327.4,2316.4,1780,NA,NA,NA,NA,NA,NA,2363.8,2340.2,140,NA,NA,NA,NA,NA,NA,NA,NA,NA,NA,NA,NA,NA,NA,NA
"2015-08-03",NA,NA,NA,NA,NA,NA,NA,NA,NA,2405.2,2390.4,178356,2337.6,2335,11496,NA,NA,NA,NA,NA,NA,2271.4,2270,1349,NA,NA,NA,NA,NA,NA,2279.8,2278,194,NA,NA,NA,NA,NA,NA,NA,NA,NA,NA,NA,NA,NA,NA,NA
"2015-08-04",NA,NA,NA,NA,NA,NA,NA,NA,NA,2483.6,2489.8,197170,2422,2429.8,13871,NA,NA,NA,NA,NA,NA,2364,2366.6,1445,NA,NA,NA,NA,NA,NA,2366.6,2368.6,271,NA,NA,NA,NA,NA,NA,NA,NA,NA,NA,NA,NA,NA,NA,NA
"2015-08-05",NA,NA,NA,NA,NA,NA,NA,NA,NA,2448.8,2453.4,177623,2397.4,2402.8,11402,NA,NA,NA,NA,NA,NA,2323,2330.6,1055,NA,NA,NA,NA,NA,NA,2313.2,2326,114,NA,NA,NA,NA,NA,NA,NA,NA,NA,NA,NA,NA,NA,NA,NA
"2015-08-06",NA,NA,NA,NA,NA,NA,NA,NA,NA,2439.6,2436.4,216145,2393.6,2395.2,13137,NA,NA,NA,NA,NA,NA,2323.2,2331.6,1403,NA,NA,NA,NA,NA,NA,2334.8,2332,194,NA,NA,NA,NA,NA,NA,NA,NA,NA,NA,NA,NA,NA,NA,NA
"2015-08-07",NA,NA,NA,NA,NA,NA,NA,NA,NA,2464.8,2472.8,239727,2437.6,2440.8,19650,NA,NA,NA,NA,NA,NA,2399.6,2401.4,1631,NA,NA,NA,NA,NA,NA,2400,2414.4,183,NA,NA,NA,NA,NA,NA,NA,NA,NA,NA,NA,NA,NA,NA,NA
"2015-08-10",NA,NA,NA,NA,NA,NA,NA,NA,NA,2575.4,2593.4,213187,2546,2560.2,19291,NA,NA,NA,NA,NA,NA,2513,2521.2,1962,NA,NA,NA,NA,NA,NA,2516.4,2530.8,52,NA,NA,NA,NA,NA,NA,NA,NA,NA,NA,NA,NA,NA,NA,NA
"2015-08-11",NA,NA,NA,NA,NA,NA,NA,NA,NA,2562.4,2566.6,207352,2534,2542.2,18259,NA,NA,NA,NA,NA,NA,2500.6,2510.8,1489,NA,NA,NA,NA,NA,NA,2525.8,2524.2,46,NA,NA,NA,NA,NA,NA,NA,NA,NA,NA,NA,NA,NA,NA,NA
"2015-08-12",NA,NA,NA,NA,NA,NA,NA,NA,NA,2548,2552.8,228056,2520.8,2526.4,19392,NA,NA,NA,NA,NA,NA,2483.4,2494.4,1349,NA,NA,NA,NA,NA,NA,2490,2508,89,NA,NA,NA,NA,NA,NA,NA,NA,NA,NA,NA,NA,NA,NA,NA
"2015-08-13",NA,NA,NA,NA,NA,NA,NA,NA,NA,2553.2,2542.2,208055,2524,2514.6,19337,NA,NA,NA,NA,NA,NA,2485.4,2478.6,1756,NA,NA,NA,NA,NA,NA,2512.2,2498.2,121,NA,NA,NA,NA,NA,NA,NA,NA,NA,NA,NA,NA,NA,NA,NA
"2015-08-14",NA,NA,NA,NA,NA,NA,NA,NA,NA,2549.2,2545.6,195238,2506.4,2507.2,18225,NA,NA,NA,NA,NA,NA,2457,2456.8,1608,NA,NA,NA,NA,NA,NA,2478,2472.6,137,NA,NA,NA,NA,NA,NA,NA,NA,NA,NA,NA,NA,NA,NA,NA
"2015-08-17",NA,NA,NA,NA,NA,NA,NA,NA,NA,2502.6,2494,198816,2459.2,2448.2,28723,NA,NA,NA,NA,NA,NA,2405,2389.6,1815,NA,NA,NA,NA,NA,NA,2410.4,2399,174,NA,NA,NA,NA,NA,NA,NA,NA,NA,NA,NA,NA,NA,NA,NA
"2015-08-18",NA,NA,NA,NA,NA,NA,NA,NA,NA,2402.6,2380.2,262702,2336,2329.8,52318,NA,NA,NA,NA,NA,NA,2247,2256,2773,NA,NA,NA,NA,NA,NA,2238.2,2260.4,205,NA,NA,NA,NA,NA,NA,NA,NA,NA,NA,NA,NA,NA,NA,NA
"2015-08-19",NA,NA,NA,NA,NA,NA,NA,NA,NA,2391,2389,217036,2340.6,2340.2,87253,NA,NA,NA,NA,NA,NA,2275.6,2273.6,2449,NA,NA,NA,NA,NA,NA,2266.6,2268.4,246,NA,NA,NA,NA,NA,NA,NA,NA,NA,NA,NA,NA,NA,NA,NA
"2015-08-20",NA,NA,NA,NA,NA,NA,NA,NA,NA,2357,2362.2,101131,2283,2280.4,196449,NA,NA,NA,NA,NA,NA,2217,2213,2647,NA,NA,NA,NA,NA,NA,2208,2207,222,NA,NA,NA,NA,NA,NA,NA,NA,NA,NA,NA,NA,NA,NA,NA
"2015-08-21",NA,NA,NA,NA,NA,NA,NA,NA,NA,2300.8,2300.66,33591,2224.4,2227.8,296846,NA,NA,NA,NA,NA,NA,2158,2159.4,4034,NA,NA,NA,NA,NA,NA,2137.6,2146.2,436,NA,NA,NA,NA,NA,NA,NA,NA,NA,NA,NA,NA,NA,NA,NA
"2015-08-24",NA,NA,NA,NA,NA,NA,NA,NA,NA,NA,NA,NA,2005.2,2010.8,229796,2005.2,2005.2,1923,NA,NA,NA,1943.6,1944.6,4726,NA,NA,NA,NA,NA,NA,1931.6,1933.6,475,NA,NA,NA,NA,NA,NA,NA,NA,NA,NA,NA,NA,NA,NA,NA
"2015-08-25",NA,NA,NA,NA,NA,NA,NA,NA,NA,NA,NA,NA,1809.8,1819.6,403171,1804.8,1805.2,3651,NA,NA,NA,1750.2,1753.4,6425,NA,NA,NA,NA,NA,NA,1740.4,1745.8,687,NA,NA,NA,NA,NA,NA,NA,NA,NA,NA,NA,NA,NA,NA,NA
"2015-08-26",NA,NA,NA,NA,NA,NA,NA,NA,NA,NA,NA,NA,1829.6,1860.6,371256,1785,1822.8,3298,NA,NA,NA,1758.8,1789.4,8923,NA,NA,NA,NA,NA,NA,1755.2,1793.6,825,NA,NA,NA,NA,NA,NA,NA,NA,NA,NA,NA,NA,NA,NA,NA
"2015-08-27",NA,NA,NA,NA,NA,NA,NA,NA,NA,NA,NA,NA,2034.2,1982.8,363261,2004.8,1953,2556,NA,NA,NA,1965.6,1917.4,7060,NA,NA,NA,NA,NA,NA,1958,1908.6,578,NA,NA,NA,NA,NA,NA,NA,NA,NA,NA,NA,NA,NA,NA,NA
"2015-08-28",NA,NA,NA,NA,NA,NA,NA,NA,NA,NA,NA,NA,2073,2065.2,273270,2008,2031.2,1861,NA,NA,NA,2001.8,1998.6,4639,NA,NA,NA,NA,NA,NA,2026.8,1997.8,372,NA,NA,NA,NA,NA,NA,NA,NA,NA,NA,NA,NA,NA,NA,NA
"2015-08-31",NA,NA,NA,NA,NA,NA,NA,NA,NA,NA,NA,NA,2052.8,2053.2,165697,2012,2010,1364,NA,NA,NA,1968.8,1966.8,3244,NA,NA,NA,NA,NA,NA,1964.8,1969,391,NA,NA,NA,NA,NA,NA,NA,NA,NA,NA,NA,NA,NA,NA,NA
"2015-09-01",NA,NA,NA,NA,NA,NA,NA,NA,NA,NA,NA,NA,2036,2051.4,192928,1956.4,1983.4,1839,NA,NA,NA,1891,1918.6,3401,NA,NA,NA,NA,NA,NA,1861,1893,508,NA,NA,NA,NA,NA,NA,NA,NA,NA,NA,NA,NA,NA,NA,NA
"2015-09-02",NA,NA,NA,NA,NA,NA,NA,NA,NA,NA,NA,NA,2007.8,2060,206868,1928.6,1977,2946,NA,NA,NA,1827,1872.6,4921,NA,NA,NA,NA,NA,NA,1804,1846.8,521,NA,NA,NA,NA,NA,NA,NA,NA,NA,NA,NA,NA,NA,NA,NA
"2015-09-07",NA,NA,NA,NA,NA,NA,NA,NA,NA,NA,NA,NA,2052.4,2073.4,16627,1985.4,2011.2,748,NA,NA,NA,1882,1912.2,1201,NA,NA,NA,NA,NA,NA,1875.6,1895,185,NA,NA,NA,NA,NA,NA,NA,NA,NA,NA,NA,NA,NA,NA,NA
"2015-09-08",NA,NA,NA,NA,NA,NA,NA,NA,NA,NA,NA,NA,2170.4,2149.4,11823,2133,2110.2,860,NA,NA,NA,2069.8,2037.4,1090,NA,NA,NA,NA,NA,NA,2020.4,2004.6,131,NA,NA,NA,NA,NA,NA,NA,NA,NA,NA,NA,NA,NA,NA,NA
"2015-09-09",NA,NA,NA,NA,NA,NA,NA,NA,NA,NA,NA,NA,2177.8,2175,9056,2136.6,2134.8,907,NA,NA,NA,2110,2102.6,1131,NA,NA,NA,NA,NA,NA,2090.2,2091.6,115,NA,NA,NA,NA,NA,NA,NA,NA,NA,NA,NA,NA,NA,NA,NA
"2015-09-10",NA,NA,NA,NA,NA,NA,NA,NA,NA,NA,NA,NA,2181.6,2180.6,6902,2123.2,2122.4,664,NA,NA,NA,2082,2086.4,816,NA,NA,NA,NA,NA,NA,2070,2073.4,41,NA,NA,NA,NA,NA,NA,NA,NA,NA,NA,NA,NA,NA,NA,NA
"2015-09-11",NA,NA,NA,NA,NA,NA,NA,NA,NA,NA,NA,NA,2176.2,2178.4,6424,2123.8,2125.2,1008,NA,NA,NA,2062.2,2068.2,683,NA,NA,NA,NA,NA,NA,2048,2053.6,72,NA,NA,NA,NA,NA,NA,NA,NA,NA,NA,NA,NA,NA,NA,NA
"2015-09-14",NA,NA,NA,NA,NA,NA,NA,NA,NA,NA,NA,NA,2134,2128.2,8613,2057.6,2060.4,1923,NA,NA,NA,1976.4,1971.6,730,NA,NA,NA,NA,NA,NA,1963.6,1947.4,96,NA,NA,NA,NA,NA,NA,NA,NA,NA,NA,NA,NA,NA,NA,NA
"2015-09-15",NA,NA,NA,NA,NA,NA,NA,NA,NA,NA,NA,NA,2160,2146.6,6459,2094.4,2082.2,2335,NA,NA,NA,1989.6,1984.6,708,NA,NA,NA,NA,NA,NA,1965.2,1957.8,75,NA,NA,NA,NA,NA,NA,NA,NA,NA,NA,NA,NA,NA,NA,NA
"2015-09-16",NA,NA,NA,NA,NA,NA,NA,NA,NA,NA,NA,NA,2243.6,2217.2,7009,2200.4,2167.8,3521,NA,NA,NA,2111.6,2088.2,882,NA,NA,NA,NA,NA,NA,2073.2,2055.8,91,NA,NA,NA,NA,NA,NA,NA,NA,NA,NA,NA,NA,NA,NA,NA
"2015-09-17",NA,NA,NA,NA,NA,NA,NA,NA,NA,NA,NA,NA,2195.2,2219.2,4292,2155,2172.6,4407,NA,NA,NA,2071.6,2093.4,841,NA,NA,NA,NA,NA,NA,2044.2,2050.8,67,NA,NA,NA,NA,NA,NA,NA,NA,NA,NA,NA,NA,NA,NA,NA
"2015-09-18",NA,NA,NA,NA,NA,NA,NA,NA,NA,NA,NA,NA,2207.6,2208,2708,2151,2155.4,4720,NA,NA,NA,2084.2,2091,517,NA,NA,NA,NA,NA,NA,2058,2064.2,74,NA,NA,NA,NA,NA,NA,NA,NA,NA,NA,NA,NA,NA,NA,NA
"2015-09-21",NA,NA,NA,NA,NA,NA,NA,NA,NA,NA,NA,NA,NA,NA,NA,2185.6,2175,5446,2150.2,2144.2,73,2125.8,2117,626,NA,NA,NA,NA,NA,NA,2098,2086.6,61,NA,NA,NA,NA,NA,NA,NA,NA,NA,NA,NA,NA,NA,NA,NA
"2015-09-22",NA,NA,NA,NA,NA,NA,NA,NA,NA,NA,NA,NA,NA,NA,NA,2194.2,2204,5302,2162,2168.8,69,2138.6,2148.6,661,NA,NA,NA,NA,NA,NA,2107,2116.2,85,NA,NA,NA,NA,NA,NA,NA,NA,NA,NA,NA,NA,NA,NA,NA
"2015-09-23",NA,NA,NA,NA,NA,NA,NA,NA,NA,NA,NA,NA,NA,NA,NA,2139.2,2143.6,5830,2111.4,2115.4,53,2077,2083.8,587,NA,NA,NA,NA,NA,NA,2054,2058,54,NA,NA,NA,NA,NA,NA,NA,NA,NA,NA,NA,NA,NA,NA,NA
"2015-09-24",NA,NA,NA,NA,NA,NA,NA,NA,NA,NA,NA,NA,NA,NA,NA,2153,2150.4,4442,2115.8,2116,28,2091.8,2090.4,448,NA,NA,NA,NA,NA,NA,2069.6,2066.4,91,NA,NA,NA,NA,NA,NA,NA,NA,NA,NA,NA,NA,NA,NA,NA
"2015-09-25",NA,NA,NA,NA,NA,NA,NA,NA,NA,NA,NA,NA,NA,NA,NA,2131,2126.8,5135,2097.8,2090.8,25,2065.8,2059.8,428,NA,NA,NA,NA,NA,NA,2031,2033.6,50,NA,NA,NA,NA,NA,NA,NA,NA,NA,NA,NA,NA,NA,NA,NA
"2015-09-28",NA,NA,NA,NA,NA,NA,NA,NA,NA,NA,NA,NA,NA,NA,NA,2136.2,2134.2,4338,2094.6,2098.4,38,2069.6,2067.8,445,NA,NA,NA,NA,NA,NA,2032,2032,33,NA,NA,NA,NA,NA,NA,NA,NA,NA,NA,NA,NA,NA,NA,NA
"2015-09-29",NA,NA,NA,NA,NA,NA,NA,NA,NA,NA,NA,NA,NA,NA,NA,2094.2,2086.2,4843,2050,2050,55,2023.6,2017.4,459,NA,NA,NA,NA,NA,NA,1991,1986,50,NA,NA,NA,NA,NA,NA,NA,NA,NA,NA,NA,NA,NA,NA,NA
"2015-09-30",NA,NA,NA,NA,NA,NA,NA,NA,NA,NA,NA,NA,NA,NA,NA,2112.6,2120,4590,2081,2085.8,31,2042.4,2052.2,496,NA,NA,NA,NA,NA,NA,2022,2022,56,NA,NA,NA,NA,NA,NA,NA,NA,NA,NA,NA,NA,NA,NA,NA
"2015-10-08",NA,NA,NA,NA,NA,NA,NA,NA,NA,NA,NA,NA,NA,NA,NA,2171,2177.2,5351,2150,2149,153,2109.8,2115,669,NA,NA,NA,NA,NA,NA,2083.2,2090,76,NA,NA,NA,NA,NA,NA,NA,NA,NA,NA,NA,NA,NA,NA,NA
"2015-10-09",NA,NA,NA,NA,NA,NA,NA,NA,NA,NA,NA,NA,NA,NA,NA,2207.4,2207.2,5160,2179,2177,326,2146.4,2145.4,861,NA,NA,NA,NA,NA,NA,2116.8,2115.2,46,NA,NA,NA,NA,NA,NA,NA,NA,NA,NA,NA,NA,NA,NA,NA
"2015-10-12",NA,NA,NA,NA,NA,NA,NA,NA,NA,NA,NA,NA,NA,NA,NA,2276.2,2278.4,6021,2253,2255.8,366,2217,2221.8,1116,NA,NA,NA,NA,NA,NA,2181.8,2197,95,NA,NA,NA,NA,NA,NA,NA,NA,NA,NA,NA,NA,NA,NA,NA
"2015-10-13",NA,NA,NA,NA,NA,NA,NA,NA,NA,NA,NA,NA,NA,NA,NA,2262,2264.6,4607,2241.8,2243.6,703,2209,2211.4,1000,NA,NA,NA,NA,NA,NA,2182.8,2181.8,53,NA,NA,NA,NA,NA,NA,NA,NA,NA,NA,NA,NA,NA,NA,NA
"2015-10-14",NA,NA,NA,NA,NA,NA,NA,NA,NA,NA,NA,NA,NA,NA,NA,2240,2248,5071,2215.4,2227.4,1124,2190.6,2201.4,1231,NA,NA,NA,NA,NA,NA,2159.6,2170,41,NA,NA,NA,NA,NA,NA,NA,NA,NA,NA,NA,NA,NA,NA,NA
"2015-10-15",NA,NA,NA,NA,NA,NA,NA,NA,NA,NA,NA,NA,NA,NA,NA,2297,2286.8,4752,2287,2277.4,2569,2262.2,2258.4,1393,NA,NA,NA,NA,NA,NA,2238.2,2234.2,65,NA,NA,NA,NA,NA,NA,NA,NA,NA,NA,NA,NA,NA,NA,NA
"2015-10-16",NA,NA,NA,NA,NA,NA,NA,NA,NA,NA,NA,NA,NA,NA,NA,2316.6,2316.83,3707,2291,2282.4,4181,2272.6,2264.6,1373,NA,NA,NA,NA,NA,NA,2245.8,2239,88,NA,NA,NA,NA,NA,NA,NA,NA,NA,NA,NA,NA,NA,NA,NA
"2015-10-19",NA,NA,NA,NA,NA,NA,NA,NA,NA,NA,NA,NA,NA,NA,NA,NA,NA,NA,2263.2,2268.6,4703,2239.4,2240,880,NA,NA,NA,NA,NA,NA,2206,2205,55,NA,NA,NA,NA,NA,NA,2190,2190,2,NA,NA,NA,NA,NA,NA
"2015-10-20",NA,NA,NA,NA,NA,NA,NA,NA,NA,NA,NA,NA,NA,NA,NA,NA,NA,NA,2298,2276.6,4810,2264.2,2250.8,860,NA,NA,NA,NA,NA,NA,2223.8,2208.8,75,NA,NA,NA,NA,NA,NA,2190,2190,1,NA,NA,NA,NA,NA,NA
"2015-10-21",NA,NA,NA,NA,NA,NA,NA,NA,NA,NA,NA,NA,NA,NA,NA,NA,NA,NA,2251,2243.6,6584,2215.8,2208,1121,NA,NA,NA,NA,NA,NA,2174.6,2170.8,84,NA,NA,NA,NA,NA,NA,2107.4,2128.6,4,NA,NA,NA,NA,NA,NA
"2015-10-22",NA,NA,NA,NA,NA,NA,NA,NA,NA,NA,NA,NA,NA,NA,NA,NA,NA,NA,2291,2291,5604,2256.6,2258.6,986,NA,NA,NA,NA,NA,NA,2219.6,2217.8,63,NA,NA,NA,NA,NA,NA,2185,2185,2,NA,NA,NA,NA,NA,NA
"2015-10-23",NA,NA,NA,NA,NA,NA,NA,NA,NA,NA,NA,NA,NA,NA,NA,NA,NA,NA,2320,2310.4,4829,2292.6,2281.6,728,NA,NA,NA,NA,NA,NA,2249.6,2246.4,68,NA,NA,NA,NA,NA,NA,2219,2219,1,NA,NA,NA,NA,NA,NA
"2015-10-26",NA,NA,NA,NA,NA,NA,NA,NA,NA,NA,NA,NA,NA,NA,NA,NA,NA,NA,2316.4,2310.6,4726,2290,2283.4,909,NA,NA,NA,NA,NA,NA,2263,2259.4,89,NA,NA,NA,NA,NA,NA,2212,2212,18,NA,NA,NA,NA,NA,NA
"2015-10-27",NA,NA,NA,NA,NA,NA,NA,NA,NA,NA,NA,NA,NA,NA,NA,NA,NA,NA,2314.8,2311.4,4974,2292.2,2286,725,NA,NA,NA,NA,NA,NA,2253.8,2250.8,49,NA,NA,NA,NA,NA,NA,2223.2,2223.2,8,NA,NA,NA,NA,NA,NA
"2015-10-28",NA,NA,NA,NA,NA,NA,NA,NA,NA,NA,NA,NA,NA,NA,NA,NA,NA,NA,2279,2283.6,4753,2249.4,2255.8,776,NA,NA,NA,NA,NA,NA,2222.8,2223.8,25,NA,NA,NA,NA,NA,NA,2200.2,2200.2,8,NA,NA,NA,NA,NA,NA
"2015-10-29",NA,NA,NA,NA,NA,NA,NA,NA,NA,NA,NA,NA,NA,NA,NA,NA,NA,NA,2287.4,2286.6,4289,2261,2263.4,668,NA,NA,NA,NA,NA,NA,2225,2226.8,27,NA,NA,NA,NA,NA,NA,2205.6,2203.2,3,NA,NA,NA,NA,NA,NA
"2015-10-30",NA,NA,NA,NA,NA,NA,NA,NA,NA,NA,NA,NA,NA,NA,NA,NA,NA,NA,2286.2,2293.4,4486,2263.8,2272.4,708,NA,NA,NA,NA,NA,NA,2225,2231.2,28,NA,NA,NA,NA,NA,NA,2216.6,2216.6,1,NA,NA,NA,NA,NA,NA
"2015-11-02",NA,NA,NA,NA,NA,NA,NA,NA,NA,NA,NA,NA,NA,NA,NA,NA,NA,NA,2266.6,2269,4709,2243.8,2248.8,892,NA,NA,NA,NA,NA,NA,2208.2,2211.8,26,NA,NA,NA,NA,NA,NA,2180,2186.2,7,NA,NA,NA,NA,NA,NA
"2015-11-03",NA,NA,NA,NA,NA,NA,NA,NA,NA,NA,NA,NA,NA,NA,NA,NA,NA,NA,2251,2256.6,4603,2228,2236,737,NA,NA,NA,NA,NA,NA,2195,2198,44,NA,NA,NA,NA,NA,NA,2170.6,2170.6,22,NA,NA,NA,NA,NA,NA
"2015-11-04",NA,NA,NA,NA,NA,NA,NA,NA,NA,NA,NA,NA,NA,NA,NA,NA,NA,NA,2367.2,2361.6,6815,2351,2338.2,1442,NA,NA,NA,NA,NA,NA,2309.8,2300.6,79,NA,NA,NA,NA,NA,NA,2295,2281.4,28,NA,NA,NA,NA,NA,NA
"2015-11-05",NA,NA,NA,NA,NA,NA,NA,NA,NA,NA,NA,NA,NA,NA,NA,NA,NA,NA,2424,2425.2,8064,2402,2405,1873,NA,NA,NA,NA,NA,NA,2362,2370.8,101,NA,NA,NA,NA,NA,NA,2341,2341,27,NA,NA,NA,NA,NA,NA
"2015-11-06",NA,NA,NA,NA,NA,NA,NA,NA,NA,NA,NA,NA,NA,NA,NA,NA,NA,NA,2486.8,2478.6,7134,2472,2460,1932,NA,NA,NA,NA,NA,NA,2429,2433.6,133,NA,NA,NA,NA,NA,NA,2401,2404.2,29,NA,NA,NA,NA,NA,NA
"2015-11-09",NA,NA,NA,NA,NA,NA,NA,NA,NA,NA,NA,NA,NA,NA,NA,NA,NA,NA,2507,2519.8,6843,2482.2,2505,1999,NA,NA,NA,NA,NA,NA,2476,2492.6,169,NA,NA,NA,NA,NA,NA,2460,2475.8,35,NA,NA,NA,NA,NA,NA
"2015-11-10",NA,NA,NA,NA,NA,NA,NA,NA,NA,NA,NA,NA,NA,NA,NA,NA,NA,NA,2497,2501.2,5739,2473.6,2484,1780,NA,NA,NA,NA,NA,NA,2452.6,2460.6,109,NA,NA,NA,NA,NA,NA,2448,2459.6,28,NA,NA,NA,NA,NA,NA
"2015-11-11",NA,NA,NA,NA,NA,NA,NA,NA,NA,NA,NA,NA,NA,NA,NA,NA,NA,NA,2498.4,2492.2,5296,2479.4,2470.8,1498,NA,NA,NA,NA,NA,NA,2462,2444.8,101,NA,NA,NA,NA,NA,NA,2428.8,2428.8,18,NA,NA,NA,NA,NA,NA
"2015-11-12",NA,NA,NA,NA,NA,NA,NA,NA,NA,NA,NA,NA,NA,NA,NA,NA,NA,NA,2462,2465.4,5269,2440.8,2442.2,1625,NA,NA,NA,NA,NA,NA,2418,2420,105,NA,NA,NA,NA,NA,NA,2409,2411.2,31,NA,NA,NA,NA,NA,NA
"2015-11-13",NA,NA,NA,NA,NA,NA,NA,NA,NA,NA,NA,NA,NA,NA,NA,NA,NA,NA,2436.2,2440.8,4947,2414.4,2421.2,1781,NA,NA,NA,NA,NA,NA,2391.6,2395.6,88,NA,NA,NA,NA,NA,NA,2375.4,2376.2,25,NA,NA,NA,NA,NA,NA
"2015-11-16",NA,NA,NA,NA,NA,NA,NA,NA,NA,NA,NA,NA,NA,NA,NA,NA,NA,NA,2433.4,2428.2,4813,2413.4,2406.4,1886,NA,NA,NA,NA,NA,NA,2366,2379.4,93,NA,NA,NA,NA,NA,NA,2372.8,2369.2,22,NA,NA,NA,NA,NA,NA
"2015-11-17",NA,NA,NA,NA,NA,NA,NA,NA,NA,NA,NA,NA,NA,NA,NA,NA,NA,NA,2418,2429.6,5725,2383,2399,3416,NA,NA,NA,NA,NA,NA,2355.4,2369.4,165,NA,NA,NA,NA,NA,NA,2345.4,2366.8,56,NA,NA,NA,NA,NA,NA
"2015-11-18",NA,NA,NA,NA,NA,NA,NA,NA,NA,NA,NA,NA,NA,NA,NA,NA,NA,NA,2425,2433.4,4347,2383,2393.8,3532,NA,NA,NA,NA,NA,NA,2340.2,2348.8,167,NA,NA,NA,NA,NA,NA,2331.2,2335.6,46,NA,NA,NA,NA,NA,NA
"2015-11-19",NA,NA,NA,NA,NA,NA,NA,NA,NA,NA,NA,NA,NA,NA,NA,NA,NA,NA,2471.6,2460.4,3104,2438.6,2427,4612,NA,NA,NA,NA,NA,NA,2393.8,2380,207,NA,NA,NA,NA,NA,NA,2358.2,2344.2,65,NA,NA,NA,NA,NA,NA
"2015-11-20",NA,NA,NA,NA,NA,NA,NA,NA,NA,NA,NA,NA,NA,NA,NA,NA,NA,NA,2468.6,2468.57,1888,2413.2,2419,5508,NA,NA,NA,NA,NA,NA,2363,2369.2,234,NA,NA,NA,NA,NA,NA,2340,2347.8,58,NA,NA,NA,NA,NA,NA
"2015-11-23",NA,NA,NA,NA,NA,NA,NA,NA,NA,NA,NA,NA,NA,NA,NA,NA,NA,NA,NA,NA,NA,2409.2,2410.6,4983,2382.8,2382.8,133,NA,NA,NA,2344.6,2349.8,257,NA,NA,NA,NA,NA,NA,2316.2,2324,35,NA,NA,NA,NA,NA,NA
"2015-11-24",NA,NA,NA,NA,NA,NA,NA,NA,NA,NA,NA,NA,NA,NA,NA,NA,NA,NA,NA,NA,NA,2405,2399.8,5775,2381.6,2373.4,136,NA,NA,NA,2348.4,2333.6,197,NA,NA,NA,NA,NA,NA,2302.2,2305.2,36,NA,NA,NA,NA,NA,NA
"2015-11-25",NA,NA,NA,NA,NA,NA,NA,NA,NA,NA,NA,NA,NA,NA,NA,NA,NA,NA,NA,NA,NA,2430,2419.4,5784,2396.4,2392.8,124,NA,NA,NA,2360,2351.8,284,NA,NA,NA,NA,NA,NA,2333.2,2331.4,37,NA,NA,NA,NA,NA,NA
"2015-11-26",NA,NA,NA,NA,NA,NA,NA,NA,NA,NA,NA,NA,NA,NA,NA,NA,NA,NA,NA,NA,NA,2415,2421.8,5962,2388,2394.2,180,NA,NA,NA,2358.2,2363.8,211,NA,NA,NA,NA,NA,NA,2342,2345.8,33,NA,NA,NA,NA,NA,NA
"2015-11-27",NA,NA,NA,NA,NA,NA,NA,NA,NA,NA,NA,NA,NA,NA,NA,NA,NA,NA,NA,NA,NA,2318,2313.6,7509,2284,2282,351,NA,NA,NA,2255,2258.2,300,NA,NA,NA,NA,NA,NA,2227,2233.4,53,NA,NA,NA,NA,NA,NA
"2015-11-30",NA,NA,NA,NA,NA,NA,NA,NA,NA,NA,NA,NA,NA,NA,NA,NA,NA,NA,NA,NA,NA,2306,2311.4,7161,2284.8,2291.4,386,NA,NA,NA,2261,2262.4,316,NA,NA,NA,NA,NA,NA,2233.8,2238.4,37,NA,NA,NA,NA,NA,NA
"2015-12-01",NA,NA,NA,NA,NA,NA,NA,NA,NA,NA,NA,NA,NA,NA,NA,NA,NA,NA,NA,NA,NA,2321.8,2320,6147,2289,2292.4,271,NA,NA,NA,2255,2256.2,521,NA,NA,NA,NA,NA,NA,2223.2,2231,55,NA,NA,NA,NA,NA,NA
"2015-12-02",NA,NA,NA,NA,NA,NA,NA,NA,NA,NA,NA,NA,NA,NA,NA,NA,NA,NA,NA,NA,NA,2448,2429,8925,2418.4,2397.2,320,NA,NA,NA,2389,2364.2,586,NA,NA,NA,NA,NA,NA,2359.2,2334.4,98,NA,NA,NA,NA,NA,NA
"2015-12-03",NA,NA,NA,NA,NA,NA,NA,NA,NA,NA,NA,NA,NA,NA,NA,NA,NA,NA,NA,NA,NA,2438.2,2435.2,7092,2409.6,2405.8,323,NA,NA,NA,2375.6,2370,466,NA,NA,NA,NA,NA,NA,2347.6,2343.2,65,NA,NA,NA,NA,NA,NA
"2015-12-04",NA,NA,NA,NA,NA,NA,NA,NA,NA,NA,NA,NA,NA,NA,NA,NA,NA,NA,NA,NA,NA,2378,2374.2,6099,2348.2,2343.8,299,NA,NA,NA,2312.6,2304.4,452,NA,NA,NA,NA,NA,NA,2282.8,2279.8,65,NA,NA,NA,NA,NA,NA
"2015-12-07",NA,NA,NA,NA,NA,NA,NA,NA,NA,NA,NA,NA,NA,NA,NA,NA,NA,NA,NA,NA,NA,2368,2370.8,5571,2337,2338.4,274,NA,NA,NA,2299,2299.2,454,NA,NA,NA,NA,NA,NA,2273.4,2269.4,65,NA,NA,NA,NA,NA,NA
"2015-12-08",NA,NA,NA,NA,NA,NA,NA,NA,NA,NA,NA,NA,NA,NA,NA,NA,NA,NA,NA,NA,NA,2337,2338,5997,2307.8,2303,419,NA,NA,NA,2270.2,2261.4,450,NA,NA,NA,NA,NA,NA,2220,2225.8,62,NA,NA,NA,NA,NA,NA
"2015-12-09",NA,NA,NA,NA,NA,NA,NA,NA,NA,NA,NA,NA,NA,NA,NA,NA,NA,NA,NA,NA,NA,2352,2350,5627,2319.2,2315.8,647,NA,NA,NA,2268.4,2265.2,330,NA,NA,NA,NA,NA,NA,2230,2230,42,NA,NA,NA,NA,NA,NA
"2015-12-10",NA,NA,NA,NA,NA,NA,NA,NA,NA,NA,NA,NA,NA,NA,NA,NA,NA,NA,NA,NA,NA,2329,2335.6,6530,2299.8,2305.8,733,NA,NA,NA,2247.8,2253.2,297,NA,NA,NA,NA,NA,NA,2229,2230,44,NA,NA,NA,NA,NA,NA
"2015-12-11",NA,NA,NA,NA,NA,NA,NA,NA,NA,NA,NA,NA,NA,NA,NA,NA,NA,NA,NA,NA,NA,2340,2334.8,5639,2307.8,2304,823,NA,NA,NA,2257.8,2252.8,300,NA,NA,NA,NA,NA,NA,2214.2,2217.6,34,NA,NA,NA,NA,NA,NA
"2015-12-14",NA,NA,NA,NA,NA,NA,NA,NA,NA,NA,NA,NA,NA,NA,NA,NA,NA,NA,NA,NA,NA,2413.8,2402.6,6715,2384.8,2373,2011,NA,NA,NA,2335,2316.8,405,NA,NA,NA,NA,NA,NA,2287,2264.4,82,NA,NA,NA,NA,NA,NA
"2015-12-15",NA,NA,NA,NA,NA,NA,NA,NA,NA,NA,NA,NA,NA,NA,NA,NA,NA,NA,NA,NA,NA,2372.6,2376.6,5889,2341,2345.8,2354,NA,NA,NA,2282.2,2293.4,432,NA,NA,NA,NA,NA,NA,2245.8,2246.6,58,NA,NA,NA,NA,NA,NA
"2015-12-16",NA,NA,NA,NA,NA,NA,NA,NA,NA,NA,NA,NA,NA,NA,NA,NA,NA,NA,NA,NA,NA,2374,2375.8,4904,2343,2345.6,3313,NA,NA,NA,2293.4,2297,464,NA,NA,NA,NA,NA,NA,2241,2248.8,64,NA,NA,NA,NA,NA,NA
"2015-12-17",NA,NA,NA,NA,NA,NA,NA,NA,NA,NA,NA,NA,NA,NA,NA,NA,NA,NA,NA,NA,NA,2403.6,2400.8,4452,2378.2,2372.8,4289,NA,NA,NA,2330.4,2327.6,508,NA,NA,NA,NA,NA,NA,2284.6,2283.4,91,NA,NA,NA,NA,NA,NA
"2015-12-18",NA,NA,NA,NA,NA,NA,NA,NA,NA,NA,NA,NA,NA,NA,NA,NA,NA,NA,NA,NA,NA,2430.2,2429.8,2338,2397,2398.8,5580,NA,NA,NA,2347.2,2348.8,543,NA,NA,NA,NA,NA,NA,2301.8,2301.2,90,NA,NA,NA,NA,NA,NA
"2015-12-21",NA,NA,NA,NA,NA,NA,NA,NA,NA,NA,NA,NA,NA,NA,NA,NA,NA,NA,NA,NA,NA,NA,NA,NA,2466.2,2464.6,6483,2433.2,2437.2,92,2422.8,2416,591,NA,NA,NA,NA,NA,NA,2369.6,2367,69,NA,NA,NA,NA,NA,NA
"2015-12-22",NA,NA,NA,NA,NA,NA,NA,NA,NA,NA,NA,NA,NA,NA,NA,NA,NA,NA,NA,NA,NA,NA,NA,NA,2465,2462.2,5421,2441.8,2439.4,126,2428,2424.2,508,NA,NA,NA,NA,NA,NA,2383,2374.4,102,NA,NA,NA,NA,NA,NA
"2015-12-23",NA,NA,NA,NA,NA,NA,NA,NA,NA,NA,NA,NA,NA,NA,NA,NA,NA,NA,NA,NA,NA,NA,NA,NA,2470.8,2484.6,7040,2440.2,2458.8,128,2429.6,2443.4,486,NA,NA,NA,NA,NA,NA,2371.6,2389.8,82,NA,NA,NA,NA,NA,NA
"2015-12-24",NA,NA,NA,NA,NA,NA,NA,NA,NA,NA,NA,NA,NA,NA,NA,NA,NA,NA,NA,NA,NA,NA,NA,NA,2458,2458.2,6207,2432.8,2430.6,164,2417.2,2415,454,NA,NA,NA,NA,NA,NA,2367.8,2359.8,79,NA,NA,NA,NA,NA,NA
"2015-12-25",NA,NA,NA,NA,NA,NA,NA,NA,NA,NA,NA,NA,NA,NA,NA,NA,NA,NA,NA,NA,NA,NA,NA,NA,2480.8,2471.6,4783,2449.8,2443.4,205,2433.2,2426.4,340,NA,NA,NA,NA,NA,NA,2384,2378.2,41,NA,NA,NA,NA,NA,NA
"2015-12-28",NA,NA,NA,NA,NA,NA,NA,NA,NA,NA,NA,NA,NA,NA,NA,NA,NA,NA,NA,NA,NA,NA,NA,NA,2379.8,2396.6,6018,2365,2383.4,144,2331,2356.4,427,NA,NA,NA,NA,NA,NA,2295.2,2315.8,55,NA,NA,NA,NA,NA,NA
"2015-12-29",NA,NA,NA,NA,NA,NA,NA,NA,NA,NA,NA,NA,NA,NA,NA,NA,NA,NA,NA,NA,NA,NA,NA,NA,2411,2413.8,5634,2392,2390.4,143,2370,2370,400,NA,NA,NA,NA,NA,NA,2330.6,2335,68,NA,NA,NA,NA,NA,NA
"2015-12-30",NA,NA,NA,NA,NA,NA,NA,NA,NA,NA,NA,NA,NA,NA,NA,NA,NA,NA,NA,NA,NA,NA,NA,NA,2404.6,2405.4,5852,2382,2379.2,129,2362.6,2362,325,NA,NA,NA,NA,NA,NA,2324.6,2324.4,48,NA,NA,NA,NA,NA,NA
"2015-12-31",NA,NA,NA,NA,NA,NA,NA,NA,NA,NA,NA,NA,NA,NA,NA,NA,NA,NA,NA,NA,NA,NA,NA,NA,2388.8,2403.6,5776,2368.4,2380.2,100,2348.8,2362.4,349,NA,NA,NA,NA,NA,NA,2305,2318.4,43,NA,NA,NA,NA,NA,NA
"2016-01-04",NA,NA,NA,NA,NA,NA,NA,NA,NA,NA,NA,NA,NA,NA,NA,NA,NA,NA,NA,NA,NA,NA,NA,NA,2254,2291.2,4786,2228,2278.6,94,2210,2243.2,437,NA,NA,NA,NA,NA,NA,2202.6,2221.8,79,NA,NA,NA,NA,NA,NA
"2016-01-05",NA,NA,NA,NA,NA,NA,NA,NA,NA,NA,NA,NA,NA,NA,NA,NA,NA,NA,NA,NA,NA,NA,NA,NA,2261,2254.2,7003,2239.2,2231.4,264,2219,2209,698,NA,NA,NA,NA,NA,NA,2170,2156.8,143,NA,NA,NA,NA,NA,NA
"2016-01-06",NA,NA,NA,NA,NA,NA,NA,NA,NA,NA,NA,NA,NA,NA,NA,NA,NA,NA,NA,NA,NA,NA,NA,NA,2288,2290.4,6342,2264,2265.2,260,2233,2242,628,NA,NA,NA,NA,NA,NA,2188,2196.4,60,NA,NA,NA,NA,NA,NA
"2016-01-07",NA,NA,NA,NA,NA,NA,NA,NA,NA,NA,NA,NA,NA,NA,NA,NA,NA,NA,NA,NA,NA,NA,NA,NA,2145.8,2220.8,1951,2132.4,2199,56,2101,2162.6,161,NA,NA,NA,NA,NA,NA,2074.2,2105.2,25,NA,NA,NA,NA,NA,NA
"2016-01-08",NA,NA,NA,NA,NA,NA,NA,NA,NA,NA,NA,NA,NA,NA,NA,NA,NA,NA,NA,NA,NA,NA,NA,NA,2194.2,2207,7394,2161,2177,413,2140,2160,1036,NA,NA,NA,NA,NA,NA,2090,2106.4,117,NA,NA,NA,NA,NA,NA
"2016-01-11",NA,NA,NA,NA,NA,NA,NA,NA,NA,NA,NA,NA,NA,NA,NA,NA,NA,NA,NA,NA,NA,NA,NA,NA,2109.6,2134.8,7682,2078.6,2100.4,725,2056,2085.6,897,NA,NA,NA,NA,NA,NA,2010,2034.2,142,NA,NA,NA,NA,NA,NA
"2016-01-12",NA,NA,NA,NA,NA,NA,NA,NA,NA,NA,NA,NA,NA,NA,NA,NA,NA,NA,NA,NA,NA,NA,NA,NA,2121.2,2123.2,6770,2088.6,2094.8,1147,2068.6,2073,905,NA,NA,NA,NA,NA,NA,2023.8,2027.2,60,NA,NA,NA,NA,NA,NA
"2016-01-13",NA,NA,NA,NA,NA,NA,NA,NA,NA,NA,NA,NA,NA,NA,NA,NA,NA,NA,NA,NA,NA,NA,NA,NA,2098.8,2115,7022,2065,2082.2,2346,2045,2059.6,852,NA,NA,NA,NA,NA,NA,2000,2021,87,NA,NA,NA,NA,NA,NA
"2016-01-14",NA,NA,NA,NA,NA,NA,NA,NA,NA,NA,NA,NA,NA,NA,NA,NA,NA,NA,NA,NA,NA,NA,NA,NA,2129,2120.6,6296,2087.6,2090,4404,2062,2062,856,NA,NA,NA,NA,NA,NA,2016,2018.2,123,NA,NA,NA,NA,NA,NA
"2016-01-15",NA,NA,NA,NA,NA,NA,NA,NA,NA,NA,NA,NA,NA,NA,NA,NA,NA,NA,NA,NA,NA,NA,NA,NA,2079,2078.22,3876,2031,2031.6,6227,2000.8,2002.4,938,NA,NA,NA,NA,NA,NA,1954,1951.2,108,NA,NA,NA,NA,NA,NA
"2016-01-18",NA,NA,NA,NA,NA,NA,NA,NA,NA,NA,NA,NA,NA,NA,NA,NA,NA,NA,NA,NA,NA,NA,NA,NA,NA,NA,NA,2028,2035.8,6503,2001.2,2008,766,NA,NA,NA,NA,NA,NA,1950,1951.8,123,1905,1909.6,23,NA,NA,NA
"2016-01-19",NA,NA,NA,NA,NA,NA,NA,NA,NA,NA,NA,NA,NA,NA,NA,NA,NA,NA,NA,NA,NA,NA,NA,NA,NA,NA,NA,2085,2084.4,6900,2057,2056.8,893,NA,NA,NA,NA,NA,NA,1993.8,1995.8,109,1945.2,1949.8,25,NA,NA,NA
"2016-01-20",NA,NA,NA,NA,NA,NA,NA,NA,NA,NA,NA,NA,NA,NA,NA,NA,NA,NA,NA,NA,NA,NA,NA,NA,NA,NA,NA,2039.2,2041.4,7176,2013.6,2012.6,856,NA,NA,NA,NA,NA,NA,1944.8,1944.8,136,1896,1893.8,49,NA,NA,NA
"2016-01-21",NA,NA,NA,NA,NA,NA,NA,NA,NA,NA,NA,NA,NA,NA,NA,NA,NA,NA,NA,NA,NA,NA,NA,NA,NA,NA,NA,2000,2007.6,7757,1965.8,1973.4,1122,NA,NA,NA,NA,NA,NA,1892.8,1903.2,116,1847.8,1856.4,80,NA,NA,NA
"2016-01-22",NA,NA,NA,NA,NA,NA,NA,NA,NA,NA,NA,NA,NA,NA,NA,NA,NA,NA,NA,NA,NA,NA,NA,NA,NA,NA,NA,2029.6,2026.2,7414,2000.6,1994,1127,NA,NA,NA,NA,NA,NA,1923,1916.6,180,1842,1848.2,100,NA,NA,NA
"2016-01-25",NA,NA,NA,NA,NA,NA,NA,NA,NA,NA,NA,NA,NA,NA,NA,NA,NA,NA,NA,NA,NA,NA,NA,NA,NA,NA,NA,2025.8,2023.2,5537,1992.6,1989.4,724,NA,NA,NA,NA,NA,NA,1904.8,1899.2,170,1833,1825.6,103,NA,NA,NA
"2016-01-26",NA,NA,NA,NA,NA,NA,NA,NA,NA,NA,NA,NA,NA,NA,NA,NA,NA,NA,NA,NA,NA,NA,NA,NA,NA,NA,NA,1925,1944.2,7265,1891.8,1908.4,957,NA,NA,NA,NA,NA,NA,1811.6,1829.8,163,1755.8,1762,100,NA,NA,NA
"2016-01-27",NA,NA,NA,NA,NA,NA,NA,NA,NA,NA,NA,NA,NA,NA,NA,NA,NA,NA,NA,NA,NA,NA,NA,NA,NA,NA,NA,1927,1926.4,7502,1890,1892.2,1124,NA,NA,NA,NA,NA,NA,1810.6,1817.6,170,1758,1776,72,NA,NA,NA
"2016-01-28",NA,NA,NA,NA,NA,NA,NA,NA,NA,NA,NA,NA,NA,NA,NA,NA,NA,NA,NA,NA,NA,NA,NA,NA,NA,NA,NA,1899.4,1909.2,6232,1868,1877.4,1040,NA,NA,NA,NA,NA,NA,1797.2,1806,130,1754.8,1754.8,66,NA,NA,NA
"2016-01-29",NA,NA,NA,NA,NA,NA,NA,NA,NA,NA,NA,NA,NA,NA,NA,NA,NA,NA,NA,NA,NA,NA,NA,NA,NA,NA,NA,1955.4,1961.4,7396,1925.8,1930.8,1137,NA,NA,NA,NA,NA,NA,1854.8,1866.4,188,1803,1811,73,NA,NA,NA
"2016-02-01",NA,NA,NA,NA,NA,NA,NA,NA,NA,NA,NA,NA,NA,NA,NA,NA,NA,NA,NA,NA,NA,NA,NA,NA,NA,NA,NA,1925.8,1918.2,5844,1897.8,1891.6,994,NA,NA,NA,NA,NA,NA,1835.8,1828.8,167,1790.2,1782.2,78,NA,NA,NA
"2016-02-02",NA,NA,NA,NA,NA,NA,NA,NA,NA,NA,NA,NA,NA,NA,NA,NA,NA,NA,NA,NA,NA,NA,NA,NA,NA,NA,NA,1960.6,1956.4,5899,1935,1929.8,956,NA,NA,NA,NA,NA,NA,1873.8,1868.4,158,1821.2,1817.6,98,NA,NA,NA
"2016-02-03",NA,NA,NA,NA,NA,NA,NA,NA,NA,NA,NA,NA,NA,NA,NA,NA,NA,NA,NA,NA,NA,NA,NA,NA,NA,NA,NA,1940.2,1938.4,5553,1914.2,1910.2,1139,NA,NA,NA,NA,NA,NA,1859,1849.8,134,1811.6,1805,60,NA,NA,NA
"2016-02-04",NA,NA,NA,NA,NA,NA,NA,NA,NA,NA,NA,NA,NA,NA,NA,NA,NA,NA,NA,NA,NA,NA,NA,NA,NA,NA,NA,1968.8,1960.8,5856,1944,1934.2,1514,NA,NA,NA,NA,NA,NA,1880.2,1872.8,108,1822.8,1823.8,55,NA,NA,NA
"2016-02-05",NA,NA,NA,NA,NA,NA,NA,NA,NA,NA,NA,NA,NA,NA,NA,NA,NA,NA,NA,NA,NA,NA,NA,NA,NA,NA,NA,1950,1955.8,4253,1927.6,1931.4,1104,NA,NA,NA,NA,NA,NA,1875.6,1875.4,123,1826,1823.2,58,NA,NA,NA
"2016-02-15",NA,NA,NA,NA,NA,NA,NA,NA,NA,NA,NA,NA,NA,NA,NA,NA,NA,NA,NA,NA,NA,NA,NA,NA,NA,NA,NA,1937,1940.6,5232,1909.8,1913.6,2097,NA,NA,NA,NA,NA,NA,1848.6,1854.6,120,1795.6,1807.8,70,NA,NA,NA
"2016-02-16",NA,NA,NA,NA,NA,NA,NA,NA,NA,NA,NA,NA,NA,NA,NA,NA,NA,NA,NA,NA,NA,NA,NA,NA,NA,NA,NA,1988.6,1991.2,5622,1962,1964,3031,NA,NA,NA,NA,NA,NA,1901.6,1901.8,78,1851.6,1850.2,72,NA,NA,NA
"2016-02-17",NA,NA,NA,NA,NA,NA,NA,NA,NA,NA,NA,NA,NA,NA,NA,NA,NA,NA,NA,NA,NA,NA,NA,NA,NA,NA,NA,2000.8,1999.4,4731,1974.6,1971.8,3631,NA,NA,NA,NA,NA,NA,1913.2,1912.4,117,1861.2,1856.4,94,NA,NA,NA
"2016-02-18",NA,NA,NA,NA,NA,NA,NA,NA,NA,NA,NA,NA,NA,NA,NA,NA,NA,NA,NA,NA,NA,NA,NA,NA,NA,NA,NA,2006.8,2009.4,3280,1975.6,1977.2,4875,NA,NA,NA,NA,NA,NA,1910.8,1914.2,189,1858.6,1861,80,NA,NA,NA
"2016-02-19",NA,NA,NA,NA,NA,NA,NA,NA,NA,NA,NA,NA,NA,NA,NA,NA,NA,NA,NA,NA,NA,NA,NA,NA,NA,NA,NA,2002.4,2002.74,2248,1973.6,1971,5728,NA,NA,NA,NA,NA,NA,1911,1907.2,158,1852,1852.4,104,NA,NA,NA
"2016-02-22",NA,NA,NA,NA,NA,NA,NA,NA,NA,NA,NA,NA,NA,NA,NA,NA,NA,NA,NA,NA,NA,NA,NA,NA,NA,NA,NA,NA,NA,NA,2017,2016,7233,1989.4,1988.2,148,NA,NA,NA,1945.2,1943.6,267,1882.8,1883.4,114,NA,NA,NA
"2016-02-23",NA,NA,NA,NA,NA,NA,NA,NA,NA,NA,NA,NA,NA,NA,NA,NA,NA,NA,NA,NA,NA,NA,NA,NA,NA,NA,NA,NA,NA,NA,1998.2,1991.6,6490,1967.8,1965.2,147,NA,NA,NA,1921.6,1915.2,287,1859,1853.8,85,NA,NA,NA
"2016-02-24",NA,NA,NA,NA,NA,NA,NA,NA,NA,NA,NA,NA,NA,NA,NA,NA,NA,NA,NA,NA,NA,NA,NA,NA,NA,NA,NA,NA,NA,NA,2010.8,2000.8,6839,1980.6,1970.8,184,NA,NA,NA,1926,1917.8,367,1857,1850.2,142,NA,NA,NA
"2016-02-25",NA,NA,NA,NA,NA,NA,NA,NA,NA,NA,NA,NA,NA,NA,NA,NA,NA,NA,NA,NA,NA,NA,NA,NA,NA,NA,NA,NA,NA,NA,1908.4,1922.4,8943,1882.8,1895.6,297,NA,NA,NA,1828.8,1844,426,1774.2,1782.4,121,NA,NA,NA
"2016-02-26",NA,NA,NA,NA,NA,NA,NA,NA,NA,NA,NA,NA,NA,NA,NA,NA,NA,NA,NA,NA,NA,NA,NA,NA,NA,NA,NA,NA,NA,NA,1931.4,1934.6,7485,1904,1908.4,202,NA,NA,NA,1847.8,1851.6,347,1785.8,1788,78,NA,NA,NA
"2016-02-29",NA,NA,NA,NA,NA,NA,NA,NA,NA,NA,NA,NA,NA,NA,NA,NA,NA,NA,NA,NA,NA,NA,NA,NA,NA,NA,NA,NA,NA,NA,1905.2,1891.8,8354,1874,1865,299,NA,NA,NA,1823.2,1805.8,454,1764.8,1748.4,114,NA,NA,NA
"2016-03-01",NA,NA,NA,NA,NA,NA,NA,NA,NA,NA,NA,NA,NA,NA,NA,NA,NA,NA,NA,NA,NA,NA,NA,NA,NA,NA,NA,NA,NA,NA,1948,1952.6,8986,1918.6,1924.6,603,NA,NA,NA,1861,1865,443,1801.8,1802,108,NA,NA,NA
"2016-03-02",NA,NA,NA,NA,NA,NA,NA,NA,NA,NA,NA,NA,NA,NA,NA,NA,NA,NA,NA,NA,NA,NA,NA,NA,NA,NA,NA,NA,NA,NA,2027.8,2021.4,8860,1994.6,1993.6,755,NA,NA,NA,1942,1935,462,1869.6,1867.8,144,NA,NA,NA
"2016-03-03",NA,NA,NA,NA,NA,NA,NA,NA,NA,NA,NA,NA,NA,NA,NA,NA,NA,NA,NA,NA,NA,NA,NA,NA,NA,NA,NA,NA,NA,NA,2027.8,2022.6,7326,1998.6,1994.2,492,NA,NA,NA,1937.4,1932.8,369,1871,1866.6,77,NA,NA,NA
"2016-03-04",NA,NA,NA,NA,NA,NA,NA,NA,NA,NA,NA,NA,NA,NA,NA,NA,NA,NA,NA,NA,NA,NA,NA,NA,NA,NA,NA,NA,NA,NA,2101,2090.6,10489,2070,2060,747,NA,NA,NA,2007,1994.2,533,1938.6,1922.8,173,NA,NA,NA
"2016-03-07",NA,NA,NA,NA,NA,NA,NA,NA,NA,NA,NA,NA,NA,NA,NA,NA,NA,NA,NA,NA,NA,NA,NA,NA,NA,NA,NA,NA,NA,NA,2105,2096.4,8275,2074.2,2066.4,760,NA,NA,NA,2017.8,2009,572,1948.8,1941.6,123,NA,NA,NA
"2016-03-08",NA,NA,NA,NA,NA,NA,NA,NA,NA,NA,NA,NA,NA,NA,NA,NA,NA,NA,NA,NA,NA,NA,NA,NA,NA,NA,NA,NA,NA,NA,2100.8,2082,8497,2071.8,2048.8,876,NA,NA,NA,2017.4,1994,496,1952,1928.2,117,NA,NA,NA
"2016-03-09",NA,NA,NA,NA,NA,NA,NA,NA,NA,NA,NA,NA,NA,NA,NA,NA,NA,NA,NA,NA,NA,NA,NA,NA,NA,NA,NA,NA,NA,NA,2077.4,2068.8,7977,2041.4,2034.8,792,NA,NA,NA,1978.4,1975.8,522,1913.4,1908,146,NA,NA,NA
"2016-03-10",NA,NA,NA,NA,NA,NA,NA,NA,NA,NA,NA,NA,NA,NA,NA,NA,NA,NA,NA,NA,NA,NA,NA,NA,NA,NA,NA,NA,NA,NA,2045.8,2065.8,6937,2019.2,2035.6,795,NA,NA,NA,1958,1979.4,417,1900.2,1914.6,95,NA,NA,NA
"2016-03-11",NA,NA,NA,NA,NA,NA,NA,NA,NA,NA,NA,NA,NA,NA,NA,NA,NA,NA,NA,NA,NA,NA,NA,NA,NA,NA,NA,NA,NA,NA,2052.8,2046.8,7296,2020.2,2015,1032,NA,NA,NA,1961.8,1958.4,512,1901.6,1898.2,133,NA,NA,NA
"2016-03-14",NA,NA,NA,NA,NA,NA,NA,NA,NA,NA,NA,NA,NA,NA,NA,NA,NA,NA,NA,NA,NA,NA,NA,NA,NA,NA,NA,NA,NA,NA,2067.4,2077.6,8186,2042.6,2047.8,2030,NA,NA,NA,1982.4,1997.2,642,1934.6,1938.8,166,NA,NA,NA
"2016-03-15",NA,NA,NA,NA,NA,NA,NA,NA,NA,NA,NA,NA,NA,NA,NA,NA,NA,NA,NA,NA,NA,NA,NA,NA,NA,NA,NA,NA,NA,NA,2080.2,2074.6,7598,2047.4,2039.6,2953,NA,NA,NA,1996,1987,425,1927.8,1924.4,144,NA,NA,NA
"2016-03-16",NA,NA,NA,NA,NA,NA,NA,NA,NA,NA,NA,NA,NA,NA,NA,NA,NA,NA,NA,NA,NA,NA,NA,NA,NA,NA,NA,NA,NA,NA,2105.4,2105.8,7711,2063.6,2064.8,4056,NA,NA,NA,2008,2009.2,564,1938,1939.2,157,NA,NA,NA
"2016-03-17",NA,NA,NA,NA,NA,NA,NA,NA,NA,NA,NA,NA,NA,NA,NA,NA,NA,NA,NA,NA,NA,NA,NA,NA,NA,NA,NA,NA,NA,NA,2130,2138.4,6641,2100.4,2103.4,6688,NA,NA,NA,2047,2050.4,712,1981.8,1981.2,112,NA,NA,NA
"2016-03-18",NA,NA,NA,NA,NA,NA,NA,NA,NA,NA,NA,NA,NA,NA,NA,NA,NA,NA,NA,NA,NA,NA,NA,NA,NA,NA,NA,NA,NA,NA,2146.6,2146.94,3483,2120,2123,7612,NA,NA,NA,2080.2,2080,727,2025,2024.8,160,NA,NA,NA
"2016-03-21",NA,NA,NA,NA,NA,NA,NA,NA,NA,NA,NA,NA,NA,NA,NA,NA,NA,NA,NA,NA,NA,NA,NA,NA,NA,NA,NA,NA,NA,NA,NA,NA,NA,2177,2177,8245,2161.4,2156.6,144,2138.8,2137.2,847,2077.4,2083.6,301,NA,NA,NA
"2016-03-22",NA,NA,NA,NA,NA,NA,NA,NA,NA,NA,NA,NA,NA,NA,NA,NA,NA,NA,NA,NA,NA,NA,NA,NA,NA,NA,NA,NA,NA,NA,NA,NA,NA,2162.2,2165.6,5949,2142.4,2146.8,102,2124,2124.4,486,2068.2,2072.4,192,NA,NA,NA
"2016-03-23",NA,NA,NA,NA,NA,NA,NA,NA,NA,NA,NA,NA,NA,NA,NA,NA,NA,NA,NA,NA,NA,NA,NA,NA,NA,NA,NA,NA,NA,NA,NA,NA,NA,2160.8,2159,6519,2141,2138.6,154,2121.6,2118.6,535,2066.4,2062.6,129,NA,NA,NA
"2016-03-24",NA,NA,NA,NA,NA,NA,NA,NA,NA,NA,NA,NA,NA,NA,NA,NA,NA,NA,NA,NA,NA,NA,NA,NA,NA,NA,NA,NA,NA,NA,NA,NA,NA,2124,2130.2,6837,2105.6,2108.6,172,2081.8,2088.6,394,2026.6,2033,149,NA,NA,NA
"2016-03-25",NA,NA,NA,NA,NA,NA,NA,NA,NA,NA,NA,NA,NA,NA,NA,NA,NA,NA,NA,NA,NA,NA,NA,NA,NA,NA,NA,NA,NA,NA,NA,NA,NA,2134.2,2133.8,5604,2116,2111.6,123,2090.8,2089,359,2041.6,2035.2,99,NA,NA,NA
"2016-03-28",NA,NA,NA,NA,NA,NA,NA,NA,NA,NA,NA,NA,NA,NA,NA,NA,NA,NA,NA,NA,NA,NA,NA,NA,NA,NA,NA,NA,NA,NA,NA,NA,NA,2110.8,2118.4,6390,2086.2,2095.4,178,2064.6,2072.2,418,2004.4,2017.4,129,NA,NA,NA
"2016-03-29",NA,NA,NA,NA,NA,NA,NA,NA,NA,NA,NA,NA,NA,NA,NA,NA,NA,NA,NA,NA,NA,NA,NA,NA,NA,NA,NA,NA,NA,NA,NA,NA,NA,2103,2101,6621,2075,2076.8,235,2046.6,2052,403,1989.2,1995.8,116,NA,NA,NA
"2016-03-30",NA,NA,NA,NA,NA,NA,NA,NA,NA,NA,NA,NA,NA,NA,NA,NA,NA,NA,NA,NA,NA,NA,NA,NA,NA,NA,NA,NA,NA,NA,NA,NA,NA,2154.6,2152.2,7901,2135,2131.8,434,2111,2106.2,353,2049,2044.8,88,NA,NA,NA
"2016-03-31",NA,NA,NA,NA,NA,NA,NA,NA,NA,NA,NA,NA,NA,NA,NA,NA,NA,NA,NA,NA,NA,NA,NA,NA,NA,NA,NA,NA,NA,NA,NA,NA,NA,2158.4,2152.6,6820,2132.2,2129.2,375,2107.2,2105.6,365,2046,2044.6,98,NA,NA,NA
"2016-04-01",NA,NA,NA,NA,NA,NA,NA,NA,NA,NA,NA,NA,NA,NA,NA,NA,NA,NA,NA,NA,NA,NA,NA,NA,NA,NA,NA,NA,NA,NA,NA,NA,NA,2164.6,2157.2,7556,2140.4,2135.6,879,2118.8,2109,367,2056.4,2043.4,83,NA,NA,NA
"2016-04-05",NA,NA,NA,NA,NA,NA,NA,NA,NA,NA,NA,NA,NA,NA,NA,NA,NA,NA,NA,NA,NA,NA,NA,NA,NA,NA,NA,NA,NA,NA,NA,NA,NA,2173,2176.2,6999,2156,2160.6,786,2132.8,2135.4,424,2070,2079.8,144,NA,NA,NA
"2016-04-06",NA,NA,NA,NA,NA,NA,NA,NA,NA,NA,NA,NA,NA,NA,NA,NA,NA,NA,NA,NA,NA,NA,NA,NA,NA,NA,NA,NA,NA,NA,NA,NA,NA,2164.2,2164.8,5135,2145.2,2146.2,515,2124.2,2125.8,329,2067.2,2066.6,122,NA,NA,NA
"2016-04-07",NA,NA,NA,NA,NA,NA,NA,NA,NA,NA,NA,NA,NA,NA,NA,NA,NA,NA,NA,NA,NA,NA,NA,NA,NA,NA,NA,NA,NA,NA,NA,NA,NA,2140.8,2143.2,6535,2120,2125.6,543,2094.6,2101.2,520,2040,2041.2,98,NA,NA,NA
"2016-04-08",NA,NA,NA,NA,NA,NA,NA,NA,NA,NA,NA,NA,NA,NA,NA,NA,NA,NA,NA,NA,NA,NA,NA,NA,NA,NA,NA,NA,NA,NA,NA,NA,NA,2124.2,2121.6,6145,2104,2101.8,563,2079.4,2077.8,377,2026.6,2021.6,96,NA,NA,NA
"2016-04-11",NA,NA,NA,NA,NA,NA,NA,NA,NA,NA,NA,NA,NA,NA,NA,NA,NA,NA,NA,NA,NA,NA,NA,NA,NA,NA,NA,NA,NA,NA,NA,NA,NA,2145,2149.4,6363,2127.4,2130.2,1437,2105.4,2107.8,488,2046,2051.4,95,NA,NA,NA
"2016-04-12",NA,NA,NA,NA,NA,NA,NA,NA,NA,NA,NA,NA,NA,NA,NA,NA,NA,NA,NA,NA,NA,NA,NA,NA,NA,NA,NA,NA,NA,NA,NA,NA,NA,2143.8,2141,5823,2125.4,2121.4,1890,2103,2100.8,437,2047.2,2046.6,62,NA,NA,NA
"2016-04-13",NA,NA,NA,NA,NA,NA,NA,NA,NA,NA,NA,NA,NA,NA,NA,NA,NA,NA,NA,NA,NA,NA,NA,NA,NA,NA,NA,NA,NA,NA,NA,NA,NA,2169,2181.4,6941,2157.4,2170.4,4021,2144.4,2153.4,780,2095.4,2102.2,151,NA,NA,NA
"2016-04-14",NA,NA,NA,NA,NA,NA,NA,NA,NA,NA,NA,NA,NA,NA,NA,NA,NA,NA,NA,NA,NA,NA,NA,NA,NA,NA,NA,NA,NA,NA,NA,NA,NA,2178.2,2176.2,5242,2172.2,2171.8,4923,2161.2,2159.6,676,2119.4,2113.8,334,NA,NA,NA
"2016-04-15",NA,NA,NA,NA,NA,NA,NA,NA,NA,NA,NA,NA,NA,NA,NA,NA,NA,NA,NA,NA,NA,NA,NA,NA,NA,NA,NA,NA,NA,NA,NA,NA,NA,2181.8,2181.54,3263,2173,2172.8,5844,2162.6,2161.2,552,2121.8,2122.2,245,NA,NA,NA
"2016-04-18",NA,NA,NA,NA,NA,NA,NA,NA,NA,NA,NA,NA,NA,NA,NA,NA,NA,NA,NA,NA,NA,NA,NA,NA,NA,NA,NA,NA,NA,NA,NA,NA,NA,NA,NA,NA,2149.8,2153.6,5351,2134.2,2138.8,633,2096,2101,298,2067.8,2074.8,112
"2016-04-19",NA,NA,NA,NA,NA,NA,NA,NA,NA,NA,NA,NA,NA,NA,NA,NA,NA,NA,NA,NA,NA,NA,NA,NA,NA,NA,NA,NA,NA,NA,NA,NA,NA,NA,NA,NA,2155,2152.6,5103,2138.8,2134.6,499,2096.8,2093.4,185,2066,2065.2,62
"2016-04-20",NA,NA,NA,NA,NA,NA,NA,NA,NA,NA,NA,NA,NA,NA,NA,NA,NA,NA,NA,NA,NA,NA,NA,NA,NA,NA,NA,NA,NA,NA,NA,NA,NA,NA,NA,NA,2123,2115.8,7585,2100.2,2096.2,910,2062.2,2055.2,322,2037.6,2025.8,48
"2016-04-21",NA,NA,NA,NA,NA,NA,NA,NA,NA,NA,NA,NA,NA,NA,NA,NA,NA,NA,NA,NA,NA,NA,NA,NA,NA,NA,NA,NA,NA,NA,NA,NA,NA,NA,NA,NA,2136.4,2149.6,6920,2118,2132,872,2082.8,2092.8,358,2051.4,2058.8,69
"2016-04-22",NA,NA,NA,NA,NA,NA,NA,NA,NA,NA,NA,NA,NA,NA,NA,NA,NA,NA,NA,NA,NA,NA,NA,NA,NA,NA,NA,NA,NA,NA,NA,NA,NA,NA,NA,NA,2147.8,2146.2,5767,2130.4,2129.4,640,2093.6,2090,286,2058.8,2066.8,57
"2016-04-25",NA,NA,NA,NA,NA,NA,NA,NA,NA,NA,NA,NA,NA,NA,NA,NA,NA,NA,NA,NA,NA,NA,NA,NA,NA,NA,NA,NA,NA,NA,NA,NA,NA,NA,NA,NA,2136.8,2137,5531,2119,2120.2,527,2076.6,2078,212,2052,2057,45
"2016-04-26",NA,NA,NA,NA,NA,NA,NA,NA,NA,NA,NA,NA,NA,NA,NA,NA,NA,NA,NA,NA,NA,NA,NA,NA,NA,NA,NA,NA,NA,NA,NA,NA,NA,NA,NA,NA,2141.4,2137,5395,2124.4,2118,629,2076.6,2070,214,2052.6,2050.4,47
"2016-04-27",NA,NA,NA,NA,NA,NA,NA,NA,NA,NA,NA,NA,NA,NA,NA,NA,NA,NA,NA,NA,NA,NA,NA,NA,NA,NA,NA,NA,NA,NA,NA,NA,NA,NA,NA,NA,2131.6,2133,4584,2113.6,2114.6,464,2069,2067.2,162,2045.6,2044.6,59
"2016-04-28",NA,NA,NA,NA,NA,NA,NA,NA,NA,NA,NA,NA,NA,NA,NA,NA,NA,NA,NA,NA,NA,NA,NA,NA,NA,NA,NA,NA,NA,NA,NA,NA,NA,NA,NA,NA,2124.6,2128.2,4858,2106.8,2110,384,2066.6,2063.8,103,2020.2,2034.4,41
"2016-04-29",NA,NA,NA,NA,NA,NA,NA,NA,NA,NA,NA,NA,NA,NA,NA,NA,NA,NA,NA,NA,NA,NA,NA,NA,NA,NA,NA,NA,NA,NA,NA,NA,NA,NA,NA,NA,2124.6,2126.2,4156,2103.2,2107.4,462,2056.8,2059.8,91,2033.4,2037.2,22
"2016-05-03",NA,NA,NA,NA,NA,NA,NA,NA,NA,NA,NA,NA,NA,NA,NA,NA,NA,NA,NA,NA,NA,NA,NA,NA,NA,NA,NA,NA,NA,NA,NA,NA,NA,NA,NA,NA,2155,2150,5732,2135.6,2130.4,757,2085.8,2079.4,240,2055,2054.8,51
"2016-05-04",NA,NA,NA,NA,NA,NA,NA,NA,NA,NA,NA,NA,NA,NA,NA,NA,NA,NA,NA,NA,NA,NA,NA,NA,NA,NA,NA,NA,NA,NA,NA,NA,NA,NA,NA,NA,2149.2,2147.2,4443,2126.2,2126.8,604,2080.4,2079.2,191,2054,2056,33
"2016-05-05",NA,NA,NA,NA,NA,NA,NA,NA,NA,NA,NA,NA,NA,NA,NA,NA,NA,NA,NA,NA,NA,NA,NA,NA,NA,NA,NA,NA,NA,NA,NA,NA,NA,NA,NA,NA,2146.2,2144.2,3920,2124.4,2123.4,539,2074.4,2075.2,203,2051,2052,54
"2016-05-06",NA,NA,NA,NA,NA,NA,NA,NA,NA,NA,NA,NA,NA,NA,NA,NA,NA,NA,NA,NA,NA,NA,NA,NA,NA,NA,NA,NA,NA,NA,NA,NA,NA,NA,NA,NA,2091.2,2108,5872,2074.2,2088.2,786,2035,2039.2,235,2010,2020.2,70
"2016-05-09",NA,NA,NA,NA,NA,NA,NA,NA,NA,NA,NA,NA,NA,NA,NA,NA,NA,NA,NA,NA,NA,NA,NA,NA,NA,NA,NA,NA,NA,NA,NA,NA,NA,NA,NA,NA,2060.2,2066.6,5470,2037.8,2045,996,1997.8,1998.4,268,1976.4,1978.2,75
"2016-05-10",NA,NA,NA,NA,NA,NA,NA,NA,NA,NA,NA,NA,NA,NA,NA,NA,NA,NA,NA,NA,NA,NA,NA,NA,NA,NA,NA,NA,NA,NA,NA,NA,NA,NA,NA,NA,2064.4,2068.4,4725,2042.6,2047.4,944,1993.8,1999.4,212,1968.4,1974.2,82
"2016-05-11",NA,NA,NA,NA,NA,NA,NA,NA,NA,NA,NA,NA,NA,NA,NA,NA,NA,NA,NA,NA,NA,NA,NA,NA,NA,NA,NA,NA,NA,NA,NA,NA,NA,NA,NA,NA,2070.8,2074.2,4752,2047.8,2049.4,960,1995.6,2000.4,261,1972.2,1975.8,68
"2016-05-12",NA,NA,NA,NA,NA,NA,NA,NA,NA,NA,NA,NA,NA,NA,NA,NA,NA,NA,NA,NA,NA,NA,NA,NA,NA,NA,NA,NA,NA,NA,NA,NA,NA,NA,NA,NA,2076,2076.4,5091,2051.8,2050.8,1035,1998.8,2000,312,1972.6,1970.8,120
"2016-05-13",NA,NA,NA,NA,NA,NA,NA,NA,NA,NA,NA,NA,NA,NA,NA,NA,NA,NA,NA,NA,NA,NA,NA,NA,NA,NA,NA,NA,NA,NA,NA,NA,NA,NA,NA,NA,2073.2,2074,4542,2049,2050.6,1171,1993,1994.4,288,1967,1966.2,64
"2016-05-16",NA,NA,NA,NA,NA,NA,NA,NA,NA,NA,NA,NA,NA,NA,NA,NA,NA,NA,NA,NA,NA,NA,NA,NA,NA,NA,NA,NA,NA,NA,NA,NA,NA,NA,NA,NA,2077.8,2074.8,4786,2056,2052.8,1738,1999.6,1996.8,242,1968.8,1965.4,35
"2016-05-17",NA,NA,NA,NA,NA,NA,NA,NA,NA,NA,NA,NA,NA,NA,NA,NA,NA,NA,NA,NA,NA,NA,NA,NA,NA,NA,NA,NA,NA,NA,NA,NA,NA,NA,NA,NA,2077.8,2074.8,4786,2056,2052.8,1738,1999.6,1996.8,242,1968.8,1965.4,35
