"DATETIME","CFFEX.IC.2015.05.CLOSE","CFFEX.IC.2015.05.SETTLE","CFFEX.IC.2015.05.VOLUME","CFFEX.IC.2015.06.CLOSE","CFFEX.IC.2015.06.SETTLE","CFFEX.IC.2015.06.VOLUME","CFFEX.IC.2015.07.CLOSE","CFFEX.IC.2015.07.SETTLE","CFFEX.IC.2015.07.VOLUME","CFFEX.IC.2015.08.CLOSE","CFFEX.IC.2015.08.SETTLE","CFFEX.IC.2015.08.VOLUME","CFFEX.IC.2015.09.CLOSE","CFFEX.IC.2015.09.SETTLE","CFFEX.IC.2015.09.VOLUME","CFFEX.IC.2015.10.CLOSE","CFFEX.IC.2015.10.SETTLE","CFFEX.IC.2015.10.VOLUME","CFFEX.IC.2015.11.CLOSE","CFFEX.IC.2015.11.SETTLE","CFFEX.IC.2015.11.VOLUME","CFFEX.IC.2015.12.CLOSE","CFFEX.IC.2015.12.SETTLE","CFFEX.IC.2015.12.VOLUME","CFFEX.IC.2016.01.CLOSE","CFFEX.IC.2016.01.SETTLE","CFFEX.IC.2016.01.VOLUME","CFFEX.IC.2016.02.CLOSE","CFFEX.IC.2016.02.SETTLE","CFFEX.IC.2016.02.VOLUME","CFFEX.IC.2016.03.CLOSE","CFFEX.IC.2016.03.SETTLE","CFFEX.IC.2016.03.VOLUME","CFFEX.IC.2016.04.CLOSE","CFFEX.IC.2016.04.SETTLE","CFFEX.IC.2016.04.VOLUME","CFFEX.IC.2016.05.CLOSE","CFFEX.IC.2016.05.SETTLE","CFFEX.IC.2016.05.VOLUME","CFFEX.IC.2016.06.CLOSE","CFFEX.IC.2016.06.SETTLE","CFFEX.IC.2016.06.VOLUME","CFFEX.IC.2016.09.CLOSE","CFFEX.IC.2016.09.SETTLE","CFFEX.IC.2016.09.VOLUME","CFFEX.IC.2016.12.CLOSE","CFFEX.IC.2016.12.SETTLE","CFFEX.IC.2016.12.VOLUME"
"2015-04-16",7707.8,7642.8,116888,7652.4,7597.8,5285,NA,NA,NA,NA,NA,NA,7643.2,7604,743,NA,NA,NA,NA,NA,NA,7625.2,7571,484,NA,NA,NA,NA,NA,NA,NA,NA,NA,NA,NA,NA,NA,NA,NA,NA,NA,NA,NA,NA,NA,NA,NA,NA
"2015-04-17",7758.2,7803.4,114214,7674.8,7719.4,7740,NA,NA,NA,NA,NA,NA,7608.8,7652.8,571,NA,NA,NA,NA,NA,NA,7562,7577.6,460,NA,NA,NA,NA,NA,NA,NA,NA,NA,NA,NA,NA,NA,NA,NA,NA,NA,NA,NA,NA,NA,NA,NA,NA
"2015-04-20",7622.2,7621.2,98781,7505,7510.2,5564,NA,NA,NA,NA,NA,NA,7419.4,7445.2,454,NA,NA,NA,NA,NA,NA,7388.2,7376.8,425,NA,NA,NA,NA,NA,NA,NA,NA,NA,NA,NA,NA,NA,NA,NA,NA,NA,NA,NA,NA,NA,NA,NA,NA
"2015-04-21",8140.4,8055.6,132545,8075,7963.2,6806,NA,NA,NA,NA,NA,NA,8024,7862.4,610,NA,NA,NA,NA,NA,NA,7941.8,7797.8,632,NA,NA,NA,NA,NA,NA,NA,NA,NA,NA,NA,NA,NA,NA,NA,NA,NA,NA,NA,NA,NA,NA,NA,NA
"2015-04-22",8189.8,8197.2,121034,8126.6,8135.6,7002,NA,NA,NA,NA,NA,NA,8029,8030.8,702,NA,NA,NA,NA,NA,NA,7926.8,7942,751,NA,NA,NA,NA,NA,NA,NA,NA,NA,NA,NA,NA,NA,NA,NA,NA,NA,NA,NA,NA,NA,NA,NA,NA
"2015-04-23",8265.6,8266.4,132278,8204,8194.6,5799,NA,NA,NA,NA,NA,NA,8102,8079.2,461,NA,NA,NA,NA,NA,NA,8043,8017.8,486,NA,NA,NA,NA,NA,NA,NA,NA,NA,NA,NA,NA,NA,NA,NA,NA,NA,NA,NA,NA,NA,NA,NA,NA
"2015-04-24",8327.2,8307.6,126381,8240,8220.4,6943,NA,NA,NA,NA,NA,NA,8120,8120.4,595,NA,NA,NA,NA,NA,NA,8039,8022,357,NA,NA,NA,NA,NA,NA,NA,NA,NA,NA,NA,NA,NA,NA,NA,NA,NA,NA,NA,NA,NA,NA,NA,NA
"2015-04-27",8347.2,8361.6,125335,8262.6,8282.6,7851,NA,NA,NA,NA,NA,NA,8187,8200.6,1046,NA,NA,NA,NA,NA,NA,8068.2,8083.8,633,NA,NA,NA,NA,NA,NA,NA,NA,NA,NA,NA,NA,NA,NA,NA,NA,NA,NA,NA,NA,NA,NA,NA,NA
"2015-04-28",8147,8087.4,164120,8054,8009,9281,NA,NA,NA,NA,NA,NA,7993.4,7943.2,849,NA,NA,NA,NA,NA,NA,7894.2,7833,537,NA,NA,NA,NA,NA,NA,NA,NA,NA,NA,NA,NA,NA,NA,NA,NA,NA,NA,NA,NA,NA,NA,NA,NA
"2015-04-29",8302.2,8276.2,134158,8209,8182.8,5535,NA,NA,NA,NA,NA,NA,8118,8105.8,679,NA,NA,NA,NA,NA,NA,8024,8000.6,392,NA,NA,NA,NA,NA,NA,NA,NA,NA,NA,NA,NA,NA,NA,NA,NA,NA,NA,NA,NA,NA,NA,NA,NA
"2015-04-30",8338.8,8355.4,120118,8234.6,8253.8,5500,NA,NA,NA,NA,NA,NA,8154,8174.2,354,NA,NA,NA,NA,NA,NA,8041,8066.2,233,NA,NA,NA,NA,NA,NA,NA,NA,NA,NA,NA,NA,NA,NA,NA,NA,NA,NA,NA,NA,NA,NA,NA,NA
"2015-05-04",8347.2,8322.4,101734,8226.4,8208.8,4384,NA,NA,NA,NA,NA,NA,8140.4,8122.2,539,NA,NA,NA,NA,NA,NA,8031.2,8007.2,231,NA,NA,NA,NA,NA,NA,NA,NA,NA,NA,NA,NA,NA,NA,NA,NA,NA,NA,NA,NA,NA,NA,NA,NA
"2015-05-05",8145,8139.2,109987,8019.4,8016.2,6804,NA,NA,NA,NA,NA,NA,7935.4,7932.6,522,NA,NA,NA,NA,NA,NA,7830.6,7814.2,210,NA,NA,NA,NA,NA,NA,NA,NA,NA,NA,NA,NA,NA,NA,NA,NA,NA,NA,NA,NA,NA,NA,NA,NA
"2015-05-06",8040.8,8058.4,111973,7933,7946,7587,NA,NA,NA,NA,NA,NA,7835.2,7850,640,NA,NA,NA,NA,NA,NA,7705,7694.8,448,NA,NA,NA,NA,NA,NA,NA,NA,NA,NA,NA,NA,NA,NA,NA,NA,NA,NA,NA,NA,NA,NA,NA,NA
"2015-05-07",7911.4,7928.6,109599,7834.4,7843.8,7818,NA,NA,NA,NA,NA,NA,7716,7736,692,NA,NA,NA,NA,NA,NA,7612,7634.2,393,NA,NA,NA,NA,NA,NA,NA,NA,NA,NA,NA,NA,NA,NA,NA,NA,NA,NA,NA,NA,NA,NA,NA,NA
"2015-05-08",8171.2,8103,121062,8085,8015.6,11857,NA,NA,NA,NA,NA,NA,7976.6,7910.6,1654,NA,NA,NA,NA,NA,NA,7859,7811,368,NA,NA,NA,NA,NA,NA,NA,NA,NA,NA,NA,NA,NA,NA,NA,NA,NA,NA,NA,NA,NA,NA,NA,NA
"2015-05-11",8489.8,8442.6,124722,8394,8330.4,15844,NA,NA,NA,NA,NA,NA,8211.6,8173.8,1714,NA,NA,NA,NA,NA,NA,8109,8081,343,NA,NA,NA,NA,NA,NA,NA,NA,NA,NA,NA,NA,NA,NA,NA,NA,NA,NA,NA,NA,NA,NA,NA,NA
"2015-05-12",8647.8,8597.6,152019,8557.6,8497.6,30321,NA,NA,NA,NA,NA,NA,8323.8,8304.4,1296,NA,NA,NA,NA,NA,NA,8226,8192.4,461,NA,NA,NA,NA,NA,NA,NA,NA,NA,NA,NA,NA,NA,NA,NA,NA,NA,NA,NA,NA,NA,NA,NA,NA
"2015-05-13",8695.8,8690.8,189658,8571.6,8575.2,54812,NA,NA,NA,NA,NA,NA,8367.4,8346.4,2162,NA,NA,NA,NA,NA,NA,8203,8195.6,987,NA,NA,NA,NA,NA,NA,NA,NA,NA,NA,NA,NA,NA,NA,NA,NA,NA,NA,NA,NA,NA,NA,NA,NA
"2015-05-14",8760.4,8754.2,112711,8603,8593.8,133372,NA,NA,NA,NA,NA,NA,8345,8329.8,2254,NA,NA,NA,NA,NA,NA,8162.8,8138.6,779,NA,NA,NA,NA,NA,NA,NA,NA,NA,NA,NA,NA,NA,NA,NA,NA,NA,NA,NA,NA,NA,NA,NA,NA
"2015-05-15",8755.2,8755.31,36739,8579.8,8651.4,182662,NA,NA,NA,NA,NA,NA,8348.6,8415,2397,NA,NA,NA,NA,NA,NA,8216.6,8267,764,NA,NA,NA,NA,NA,NA,NA,NA,NA,NA,NA,NA,NA,NA,NA,NA,NA,NA,NA,NA,NA,NA,NA,NA
"2015-05-18",NA,NA,NA,8798.4,8797,202968,8705.6,8705.8,2668,NA,NA,NA,8557.6,8561,2430,NA,NA,NA,NA,NA,NA,8378.2,8380.2,795,NA,NA,NA,NA,NA,NA,NA,NA,NA,NA,NA,NA,NA,NA,NA,NA,NA,NA,NA,NA,NA,NA,NA,NA
"2015-05-19",NA,NA,NA,9120.8,9102.2,228488,9043.6,9024.4,3071,NA,NA,NA,8969,8942.6,5180,NA,NA,NA,NA,NA,NA,8800.4,8778.6,1037,NA,NA,NA,NA,NA,NA,NA,NA,NA,NA,NA,NA,NA,NA,NA,NA,NA,NA,NA,NA,NA,NA,NA,NA
"2015-05-20",NA,NA,NA,9286.8,9311.4,239847,9203,9226.6,3463,NA,NA,NA,9156.2,9165.8,4424,NA,NA,NA,NA,NA,NA,8990.8,9038,1150,NA,NA,NA,NA,NA,NA,NA,NA,NA,NA,NA,NA,NA,NA,NA,NA,NA,NA,NA,NA,NA,NA,NA,NA
"2015-05-21",NA,NA,NA,9734.6,9630,256460,9666.6,9577.8,3449,NA,NA,NA,9594.2,9492,5113,NA,NA,NA,NA,NA,NA,9435,9367.6,1699,NA,NA,NA,NA,NA,NA,NA,NA,NA,NA,NA,NA,NA,NA,NA,NA,NA,NA,NA,NA,NA,NA,NA,NA
"2015-05-22",NA,NA,NA,9741.2,9740.2,285617,9680.2,9684.4,4414,NA,NA,NA,9611.8,9606.8,5058,NA,NA,NA,NA,NA,NA,9449.4,9443.4,1494,NA,NA,NA,NA,NA,NA,NA,NA,NA,NA,NA,NA,NA,NA,NA,NA,NA,NA,NA,NA,NA,NA,NA,NA
"2015-05-25",NA,NA,NA,9966.6,9979.4,262755,9912.2,9909.6,3597,NA,NA,NA,9804,9808,4823,NA,NA,NA,NA,NA,NA,9646.6,9631.2,910,NA,NA,NA,NA,NA,NA,NA,NA,NA,NA,NA,NA,NA,NA,NA,NA,NA,NA,NA,NA,NA,NA,NA,NA
"2015-05-26",NA,NA,NA,10532.2,10407.4,258963,10482.2,10354.8,3984,NA,NA,NA,10395,10255.8,5326,NA,NA,NA,NA,NA,NA,10200.6,10060.2,1227,NA,NA,NA,NA,NA,NA,NA,NA,NA,NA,NA,NA,NA,NA,NA,NA,NA,NA,NA,NA,NA,NA,NA,NA
"2015-05-27",NA,NA,NA,10552,10621.4,307346,10582,10611.8,6728,NA,NA,NA,10582.4,10616.8,7783,NA,NA,NA,NA,NA,NA,10404,10410,1878,NA,NA,NA,NA,NA,NA,NA,NA,NA,NA,NA,NA,NA,NA,NA,NA,NA,NA,NA,NA,NA,NA,NA,NA
"2015-05-28",NA,NA,NA,9977.2,10126.8,360766,10059,10220.4,11122,NA,NA,NA,10036,10237.4,11907,NA,NA,NA,NA,NA,NA,9840,10030.8,2904,NA,NA,NA,NA,NA,NA,NA,NA,NA,NA,NA,NA,NA,NA,NA,NA,NA,NA,NA,NA,NA,NA,NA,NA
"2015-05-29",NA,NA,NA,10121,10127,354628,10170,10162.8,10791,NA,NA,NA,10245,10221.8,10630,NA,NA,NA,NA,NA,NA,10035,9993.8,2898,NA,NA,NA,NA,NA,NA,NA,NA,NA,NA,NA,NA,NA,NA,NA,NA,NA,NA,NA,NA,NA,NA,NA,NA
"2015-06-01",NA,NA,NA,11025.6,10865.8,257035,11022.6,10853.6,7174,NA,NA,NA,11130,10935.8,8648,NA,NA,NA,NA,NA,NA,10906,10788.4,1764,NA,NA,NA,NA,NA,NA,NA,NA,NA,NA,NA,NA,NA,NA,NA,NA,NA,NA,NA,NA,NA,NA,NA,NA
"2015-06-02",NA,NA,NA,11250.4,11271,280807,11312,11351.8,7565,NA,NA,NA,11430,11502,9661,NA,NA,NA,NA,NA,NA,11387.6,11432.6,3169,NA,NA,NA,NA,NA,NA,NA,NA,NA,NA,NA,NA,NA,NA,NA,NA,NA,NA,NA,NA,NA,NA,NA,NA
"2015-06-03",NA,NA,NA,11103.2,11143.4,334871,11134.4,11185.2,9180,NA,NA,NA,11248.4,11301.8,12460,NA,NA,NA,NA,NA,NA,11115.2,11177.4,2852,NA,NA,NA,NA,NA,NA,NA,NA,NA,NA,NA,NA,NA,NA,NA,NA,NA,NA,NA,NA,NA,NA,NA,NA
"2015-06-04",NA,NA,NA,10869.2,10761,376160,10918.2,10796.6,17262,NA,NA,NA,10895.4,10784,14256,NA,NA,NA,NA,NA,NA,10697,10572,4172,NA,NA,NA,NA,NA,NA,NA,NA,NA,NA,NA,NA,NA,NA,NA,NA,NA,NA,NA,NA,NA,NA,NA,NA
"2015-06-05",NA,NA,NA,10949,10939.2,337852,10944.6,10940.8,13551,NA,NA,NA,10900.4,10896.4,13897,NA,NA,NA,NA,NA,NA,10691.8,10692.6,2097,NA,NA,NA,NA,NA,NA,NA,NA,NA,NA,NA,NA,NA,NA,NA,NA,NA,NA,NA,NA,NA,NA,NA,NA
"2015-06-08",NA,NA,NA,10602.6,10701.6,305756,10529.8,10615.8,17139,NA,NA,NA,10451,10549.6,12290,NA,NA,NA,NA,NA,NA,10195,10305.2,3019,NA,NA,NA,NA,NA,NA,NA,NA,NA,NA,NA,NA,NA,NA,NA,NA,NA,NA,NA,NA,NA,NA,NA,NA
"2015-06-09",NA,NA,NA,10700.4,10690.2,322063,10603,10578.2,15362,NA,NA,NA,10478,10462,10152,NA,NA,NA,NA,NA,NA,10230,10199,1824,NA,NA,NA,NA,NA,NA,NA,NA,NA,NA,NA,NA,NA,NA,NA,NA,NA,NA,NA,NA,NA,NA,NA,NA
"2015-06-10",NA,NA,NA,10987.8,11105.2,312337,10853.2,10995.4,17065,NA,NA,NA,10775,10925.2,11747,NA,NA,NA,NA,NA,NA,10543.8,10699.2,2610,NA,NA,NA,NA,NA,NA,NA,NA,NA,NA,NA,NA,NA,NA,NA,NA,NA,NA,NA,NA,NA,NA,NA,NA
"2015-06-11",NA,NA,NA,11258.8,11200,267772,11133.8,11071.8,11819,NA,NA,NA,11044.8,10976.2,9440,NA,NA,NA,NA,NA,NA,10811.8,10750.4,1455,NA,NA,NA,NA,NA,NA,NA,NA,NA,NA,NA,NA,NA,NA,NA,NA,NA,NA,NA,NA,NA,NA,NA,NA
"2015-06-12",NA,NA,NA,11427.8,11461.4,253743,11400,11392,14465,NA,NA,NA,11375.6,11347.6,11040,NA,NA,NA,NA,NA,NA,11168.4,11131.8,2041,NA,NA,NA,NA,NA,NA,NA,NA,NA,NA,NA,NA,NA,NA,NA,NA,NA,NA,NA,NA,NA,NA,NA,NA
"2015-06-15",NA,NA,NA,11228.6,11282.8,237446,11222.6,11279.4,35585,NA,NA,NA,11177.8,11216.2,12139,NA,NA,NA,NA,NA,NA,10969.2,10997,1995,NA,NA,NA,NA,NA,NA,NA,NA,NA,NA,NA,NA,NA,NA,NA,NA,NA,NA,NA,NA,NA,NA,NA,NA
"2015-06-16",NA,NA,NA,10839,10795.8,296168,10714.2,10689.6,68258,NA,NA,NA,10663.2,10645.6,15153,NA,NA,NA,NA,NA,NA,10448.8,10434.8,2068,NA,NA,NA,NA,NA,NA,NA,NA,NA,NA,NA,NA,NA,NA,NA,NA,NA,NA,NA,NA,NA,NA,NA,NA
"2015-06-17",NA,NA,NA,11033.4,11029,255006,10988.8,10957.2,92647,NA,NA,NA,10903,10877.6,15812,NA,NA,NA,NA,NA,NA,10685,10654.8,1692,NA,NA,NA,NA,NA,NA,NA,NA,NA,NA,NA,NA,NA,NA,NA,NA,NA,NA,NA,NA,NA,NA,NA,NA
"2015-06-18",NA,NA,NA,10672.6,10807.6,125240,10585,10712,234442,NA,NA,NA,10495.4,10624,16427,NA,NA,NA,NA,NA,NA,10265.8,10391,2061,NA,NA,NA,NA,NA,NA,NA,NA,NA,NA,NA,NA,NA,NA,NA,NA,NA,NA,NA,NA,NA,NA,NA,NA
"2015-06-19",NA,NA,NA,10210,10206.7,41773,9990,10100.8,385745,NA,NA,NA,9915.6,10015,22346,NA,NA,NA,NA,NA,NA,9650,9778.6,3073,NA,NA,NA,NA,NA,NA,NA,NA,NA,NA,NA,NA,NA,NA,NA,NA,NA,NA,NA,NA,NA,NA,NA,NA
"2015-06-23",NA,NA,NA,NA,NA,NA,9862.6,9902.4,363010,9835,9872.6,3382,9782.2,9827.8,19727,NA,NA,NA,NA,NA,NA,9502,9559.8,2436,NA,NA,NA,NA,NA,NA,NA,NA,NA,NA,NA,NA,NA,NA,NA,NA,NA,NA,NA,NA,NA,NA,NA,NA
"2015-06-24",NA,NA,NA,NA,NA,NA,10058,9993.8,336011,9973.8,9902.4,1740,9909.4,9830.2,15131,NA,NA,NA,NA,NA,NA,9655,9576.2,2949,NA,NA,NA,NA,NA,NA,NA,NA,NA,NA,NA,NA,NA,NA,NA,NA,NA,NA,NA,NA,NA,NA,NA,NA
"2015-06-25",NA,NA,NA,NA,NA,NA,9381.6,9587.6,355666,9259.4,9466,2629,9188,9387.2,17314,NA,NA,NA,NA,NA,NA,8939,9132.8,2571,NA,NA,NA,NA,NA,NA,NA,NA,NA,NA,NA,NA,NA,NA,NA,NA,NA,NA,NA,NA,NA,NA,NA,NA
"2015-06-26",NA,NA,NA,NA,NA,NA,8629,8631.4,296036,8519.4,8519.4,3372,8448.6,8448.6,19315,NA,NA,NA,NA,NA,NA,8219.6,8219.6,3857,NA,NA,NA,NA,NA,NA,NA,NA,NA,NA,NA,NA,NA,NA,NA,NA,NA,NA,NA,NA,NA,NA,NA,NA
"2015-06-29",NA,NA,NA,NA,NA,NA,7768.4,7847.8,370110,7667.6,7741,3965,7603.8,7672.2,26488,NA,NA,NA,NA,NA,NA,7397.8,7426.4,4569,NA,NA,NA,NA,NA,NA,NA,NA,NA,NA,NA,NA,NA,NA,NA,NA,NA,NA,NA,NA,NA,NA,NA,NA
"2015-06-30",NA,NA,NA,NA,NA,NA,8346,8343.6,417585,8205.8,8200,6199,8099.6,8091.4,30911,NA,NA,NA,NA,NA,NA,7876.2,7874.2,5997,NA,NA,NA,NA,NA,NA,NA,NA,NA,NA,NA,NA,NA,NA,NA,NA,NA,NA,NA,NA,NA,NA,NA,NA
"2015-07-01",NA,NA,NA,NA,NA,NA,7509.4,7937.2,418824,7380,7652.2,4286,7282.4,7616.8,23069,NA,NA,NA,NA,NA,NA,7086.8,7217.2,4704,NA,NA,NA,NA,NA,NA,NA,NA,NA,NA,NA,NA,NA,NA,NA,NA,NA,NA,NA,NA,NA,NA,NA,NA
"2015-07-02",NA,NA,NA,NA,NA,NA,7667.8,7535.2,502523,7510,7378,5208,7419,7291,26156,NA,NA,NA,NA,NA,NA,7249.8,7093.4,6011,NA,NA,NA,NA,NA,NA,NA,NA,NA,NA,NA,NA,NA,NA,NA,NA,NA,NA,NA,NA,NA,NA,NA,NA
"2015-07-03",NA,NA,NA,NA,NA,NA,7404.8,7424.8,407628,7275.8,7294.6,4685,7226.8,7259,22938,NA,NA,NA,NA,NA,NA,7062,7080.2,4964,NA,NA,NA,NA,NA,NA,NA,NA,NA,NA,NA,NA,NA,NA,NA,NA,NA,NA,NA,NA,NA,NA,NA,NA
"2015-07-06",NA,NA,NA,NA,NA,NA,7440,7240.2,345855,7323.8,7144.8,5746,7217.8,7038,16840,NA,NA,NA,NA,NA,NA,6996.2,6880,4420,NA,NA,NA,NA,NA,NA,NA,NA,NA,NA,NA,NA,NA,NA,NA,NA,NA,NA,NA,NA,NA,NA,NA,NA
"2015-07-07",NA,NA,NA,NA,NA,NA,6516.2,6618.4,126905,6430.4,6522.8,1323,6334.2,6428.8,5132,NA,NA,NA,NA,NA,NA,6192,6227.8,1630,NA,NA,NA,NA,NA,NA,NA,NA,NA,NA,NA,NA,NA,NA,NA,NA,NA,NA,NA,NA,NA,NA,NA,NA
"2015-07-08",NA,NA,NA,NA,NA,NA,5956.6,5956.6,37070,5870.6,5870.6,664,5786,5786,1858,NA,NA,NA,NA,NA,NA,5605.2,5605.2,1041,NA,NA,NA,NA,NA,NA,NA,NA,NA,NA,NA,NA,NA,NA,NA,NA,NA,NA,NA,NA,NA,NA,NA,NA
"2015-07-09",NA,NA,NA,NA,NA,NA,6552.2,6552.2,17083,6457.6,6457.6,774,6364.6,6364.6,2479,NA,NA,NA,NA,NA,NA,6165.6,6165.6,891,NA,NA,NA,NA,NA,NA,NA,NA,NA,NA,NA,NA,NA,NA,NA,NA,NA,NA,NA,NA,NA,NA,NA,NA
"2015-07-10",NA,NA,NA,NA,NA,NA,7207.4,7207.4,11110,7103.2,7103.2,736,7001,7001,3259,NA,NA,NA,NA,NA,NA,6782,6782,573,NA,NA,NA,NA,NA,NA,NA,NA,NA,NA,NA,NA,NA,NA,NA,NA,NA,NA,NA,NA,NA,NA,NA,NA
"2015-07-13",NA,NA,NA,NA,NA,NA,7569.6,7756.2,95522,7400,7612.6,7403,7131.2,7431.4,12866,NA,NA,NA,NA,NA,NA,6970.4,7200,1856,NA,NA,NA,NA,NA,NA,NA,NA,NA,NA,NA,NA,NA,NA,NA,NA,NA,NA,NA,NA,NA,NA,NA,NA
"2015-07-14",NA,NA,NA,NA,NA,NA,7645,7715.8,116607,7510.2,7596,15548,7336.2,7406.4,11788,NA,NA,NA,NA,NA,NA,7076.8,7134.4,1314,NA,NA,NA,NA,NA,NA,NA,NA,NA,NA,NA,NA,NA,NA,NA,NA,NA,NA,NA,NA,NA,NA,NA,NA
"2015-07-15",NA,NA,NA,NA,NA,NA,7136,7151.4,92798,6836.4,6857.8,23277,6665.8,6689.4,9332,NA,NA,NA,NA,NA,NA,6421,6442,1458,NA,NA,NA,NA,NA,NA,NA,NA,NA,NA,NA,NA,NA,NA,NA,NA,NA,NA,NA,NA,NA,NA,NA,NA
"2015-07-16",NA,NA,NA,NA,NA,NA,7531.8,7498,54002,7226.6,7143.4,118069,6985.4,6908.2,13661,NA,NA,NA,NA,NA,NA,6643,6590.4,2960,NA,NA,NA,NA,NA,NA,NA,NA,NA,NA,NA,NA,NA,NA,NA,NA,NA,NA,NA,NA,NA,NA,NA,NA
"2015-07-17",NA,NA,NA,NA,NA,NA,7934.4,7934.85,9471,7857.6,7782.6,134674,7599,7502.2,12905,NA,NA,NA,NA,NA,NA,7249.4,7149.2,2064,NA,NA,NA,NA,NA,NA,NA,NA,NA,NA,NA,NA,NA,NA,NA,NA,NA,NA,NA,NA,NA,NA,NA,NA
"2015-07-20",NA,NA,NA,NA,NA,NA,NA,NA,NA,7589,7701.4,189519,7315,7437.6,14826,NA,NA,NA,NA,NA,NA,6991,7080.6,1995,NA,NA,NA,NA,NA,NA,6822,6929,280,NA,NA,NA,NA,NA,NA,NA,NA,NA,NA,NA,NA,NA,NA,NA
"2015-07-21",NA,NA,NA,NA,NA,NA,NA,NA,NA,7715,7706.6,185925,7470,7454,12344,NA,NA,NA,NA,NA,NA,7100.8,7105.8,1906,NA,NA,NA,NA,NA,NA,6994.8,6978.4,115,NA,NA,NA,NA,NA,NA,NA,NA,NA,NA,NA,NA,NA,NA,NA
"2015-07-22",NA,NA,NA,NA,NA,NA,NA,NA,NA,7773,7757.2,151210,7518.8,7489.4,8357,NA,NA,NA,NA,NA,NA,7185,7127.2,1469,NA,NA,NA,NA,NA,NA,7033,7016,59,NA,NA,NA,NA,NA,NA,NA,NA,NA,NA,NA,NA,NA,NA,NA
"2015-07-23",NA,NA,NA,NA,NA,NA,NA,NA,NA,8386,8372,172241,8225,8161.2,11263,NA,NA,NA,NA,NA,NA,7839.8,7809.8,1839,NA,NA,NA,NA,NA,NA,7707,7688.2,271,NA,NA,NA,NA,NA,NA,NA,NA,NA,NA,NA,NA,NA,NA,NA
"2015-07-24",NA,NA,NA,NA,NA,NA,NA,NA,NA,7980,8157,185487,7740,7923.4,12627,NA,NA,NA,NA,NA,NA,7419,7582,2612,NA,NA,NA,NA,NA,NA,7279,7459.6,253,NA,NA,NA,NA,NA,NA,NA,NA,NA,NA,NA,NA,NA,NA,NA
"2015-07-27",NA,NA,NA,NA,NA,NA,NA,NA,NA,7341.4,7591.8,153759,7131.2,7316.8,8380,NA,NA,NA,NA,NA,NA,6823.8,6975.4,1705,NA,NA,NA,NA,NA,NA,6713.8,6829.2,159,NA,NA,NA,NA,NA,NA,NA,NA,NA,NA,NA,NA,NA,NA,NA
"2015-07-28",NA,NA,NA,NA,NA,NA,NA,NA,NA,7221,7258.2,168856,6939,6983.8,11605,NA,NA,NA,NA,NA,NA,6649,6698.4,1745,NA,NA,NA,NA,NA,NA,6503.8,6552,163,NA,NA,NA,NA,NA,NA,NA,NA,NA,NA,NA,NA,NA,NA,NA
"2015-07-29",NA,NA,NA,NA,NA,NA,NA,NA,NA,7702.8,7486,179005,7419.2,7228.8,11657,NA,NA,NA,NA,NA,NA,7111.2,6955.6,1299,NA,NA,NA,NA,NA,NA,6986,6877.6,156,NA,NA,NA,NA,NA,NA,NA,NA,NA,NA,NA,NA,NA,NA,NA
"2015-07-30",NA,NA,NA,NA,NA,NA,NA,NA,NA,7232,7372.4,190390,6948.2,7078.6,10597,NA,NA,NA,NA,NA,NA,6658.6,6764.4,1391,NA,NA,NA,NA,NA,NA,6471.6,6598.4,185,NA,NA,NA,NA,NA,NA,NA,NA,NA,NA,NA,NA,NA,NA,NA
"2015-07-31",NA,NA,NA,NA,NA,NA,NA,NA,NA,7399,7358.8,149888,7100,7059,7211,NA,NA,NA,NA,NA,NA,6780.6,6753.6,835,NA,NA,NA,NA,NA,NA,6638.8,6605.2,122,NA,NA,NA,NA,NA,NA,NA,NA,NA,NA,NA,NA,NA,NA,NA
"2015-08-03",NA,NA,NA,NA,NA,NA,NA,NA,NA,7065.2,7093.8,98428,6767.4,6782.2,4623,NA,NA,NA,NA,NA,NA,6410,6458.4,580,NA,NA,NA,NA,NA,NA,6299.2,6301.6,50,NA,NA,NA,NA,NA,NA,NA,NA,NA,NA,NA,NA,NA,NA,NA
"2015-08-04",NA,NA,NA,NA,NA,NA,NA,NA,NA,7657.6,7605.8,131506,7290.8,7238.4,8510,NA,NA,NA,NA,NA,NA,6957,6902.6,928,NA,NA,NA,NA,NA,NA,6801,6774.6,82,NA,NA,NA,NA,NA,NA,NA,NA,NA,NA,NA,NA,NA,NA,NA
"2015-08-05",NA,NA,NA,NA,NA,NA,NA,NA,NA,7486.4,7556.8,118095,7140,7224.4,7267,NA,NA,NA,NA,NA,NA,6802,6860.8,862,NA,NA,NA,NA,NA,NA,6661.4,6690.2,122,NA,NA,NA,NA,NA,NA,NA,NA,NA,NA,NA,NA,NA,NA,NA
"2015-08-06",NA,NA,NA,NA,NA,NA,NA,NA,NA,7545.4,7560.8,122864,7235.8,7253,7677,NA,NA,NA,NA,NA,NA,6895,6896.6,729,NA,NA,NA,NA,NA,NA,6754.2,6729.4,71,NA,NA,NA,NA,NA,NA,NA,NA,NA,NA,NA,NA,NA,NA,NA
"2015-08-07",NA,NA,NA,NA,NA,NA,NA,NA,NA,7851.2,7838.6,131512,7637.6,7600,11157,NA,NA,NA,NA,NA,NA,7285.6,7253,1289,NA,NA,NA,NA,NA,NA,7121.6,7086.2,110,NA,NA,NA,NA,NA,NA,NA,NA,NA,NA,NA,NA,NA,NA,NA
"2015-08-10",NA,NA,NA,NA,NA,NA,NA,NA,NA,8330,8356.2,108046,8143,8152.4,10267,NA,NA,NA,NA,NA,NA,7780,7792.4,1206,NA,NA,NA,NA,NA,NA,7673.6,7627.8,145,NA,NA,NA,NA,NA,NA,NA,NA,NA,NA,NA,NA,NA,NA,NA
"2015-08-11",NA,NA,NA,NA,NA,NA,NA,NA,NA,8200.6,8279.6,103813,7968,8068.4,11016,NA,NA,NA,NA,NA,NA,7620,7711.2,831,NA,NA,NA,NA,NA,NA,7514,7556.6,108,NA,NA,NA,NA,NA,NA,NA,NA,NA,NA,NA,NA,NA,NA,NA
"2015-08-12",NA,NA,NA,NA,NA,NA,NA,NA,NA,8082.2,8136.4,113709,7832.2,7880,10467,NA,NA,NA,NA,NA,NA,7445.6,7497,1042,NA,NA,NA,NA,NA,NA,7285,7325.6,115,NA,NA,NA,NA,NA,NA,NA,NA,NA,NA,NA,NA,NA,NA,NA
"2015-08-13",NA,NA,NA,NA,NA,NA,NA,NA,NA,8345.8,8323.4,112898,8060,8049.4,11755,NA,NA,NA,NA,NA,NA,7665,7638,998,NA,NA,NA,NA,NA,NA,7500,7480.4,109,NA,NA,NA,NA,NA,NA,NA,NA,NA,NA,NA,NA,NA,NA,NA
"2015-08-14",NA,NA,NA,NA,NA,NA,NA,NA,NA,8397,8414.2,116621,8070,8093,13905,NA,NA,NA,NA,NA,NA,7662,7680.4,1063,NA,NA,NA,NA,NA,NA,7540,7515.2,168,NA,NA,NA,NA,NA,NA,NA,NA,NA,NA,NA,NA,NA,NA,NA
"2015-08-17",NA,NA,NA,NA,NA,NA,NA,NA,NA,8659,8633.4,114466,8338.8,8278,18411,NA,NA,NA,NA,NA,NA,7819,7777.6,1016,NA,NA,NA,NA,NA,NA,7640,7555,148,NA,NA,NA,NA,NA,NA,NA,NA,NA,NA,NA,NA,NA,NA,NA
"2015-08-18",NA,NA,NA,NA,NA,NA,NA,NA,NA,7802,7871.8,136282,7450.2,7514.2,37123,NA,NA,NA,NA,NA,NA,7000,7045.4,1571,NA,NA,NA,NA,NA,NA,6799.6,6846.6,147,NA,NA,NA,NA,NA,NA,NA,NA,NA,NA,NA,NA,NA,NA,NA
"2015-08-19",NA,NA,NA,NA,NA,NA,NA,NA,NA,8151.2,8107,117489,7710.6,7701.2,75301,NA,NA,NA,NA,NA,NA,7251,7239.8,1754,NA,NA,NA,NA,NA,NA,7048.6,7029.6,211,NA,NA,NA,NA,NA,NA,NA,NA,NA,NA,NA,NA,NA,NA,NA
"2015-08-20",NA,NA,NA,NA,NA,NA,NA,NA,NA,8003,8072.4,54692,7557,7589.2,131354,NA,NA,NA,NA,NA,NA,7050,7074.4,1868,NA,NA,NA,NA,NA,NA,6826.6,6851.4,157,NA,NA,NA,NA,NA,NA,NA,NA,NA,NA,NA,NA,NA,NA,NA
"2015-08-21",NA,NA,NA,NA,NA,NA,NA,NA,NA,7749.4,7747.28,17348,7207.4,7248.4,173849,NA,NA,NA,NA,NA,NA,6680,6703.8,2769,NA,NA,NA,NA,NA,NA,6431.4,6488.4,299,NA,NA,NA,NA,NA,NA,NA,NA,NA,NA,NA,NA,NA,NA,NA
"2015-08-24",NA,NA,NA,NA,NA,NA,NA,NA,NA,NA,NA,NA,6523.6,6523.6,89052,6523.6,6523.6,1512,NA,NA,NA,6033.6,6038,2425,NA,NA,NA,NA,NA,NA,5839.6,5841,283,NA,NA,NA,NA,NA,NA,NA,NA,NA,NA,NA,NA,NA,NA,NA
"2015-08-25",NA,NA,NA,NA,NA,NA,NA,NA,NA,NA,NA,NA,5871.4,5871.4,128798,5871.4,5871.4,4642,NA,NA,NA,5434.2,5434.2,2956,NA,NA,NA,NA,NA,NA,5257,5257,570,NA,NA,NA,NA,NA,NA,NA,NA,NA,NA,NA,NA,NA,NA,NA
"2015-08-26",NA,NA,NA,NA,NA,NA,NA,NA,NA,NA,NA,NA,5400.2,5567.4,169262,5284.4,5376.6,7865,NA,NA,NA,4950,5069.8,3909,NA,NA,NA,NA,NA,NA,4800,4894.4,438,NA,NA,NA,NA,NA,NA,NA,NA,NA,NA,NA,NA,NA,NA,NA
"2015-08-27",NA,NA,NA,NA,NA,NA,NA,NA,NA,NA,NA,NA,5928.2,5820.6,166242,5696.2,5579.6,6643,NA,NA,NA,5438.6,5349.8,4384,NA,NA,NA,NA,NA,NA,5297,5196.8,402,NA,NA,NA,NA,NA,NA,NA,NA,NA,NA,NA,NA,NA,NA,NA
"2015-08-28",NA,NA,NA,NA,NA,NA,NA,NA,NA,NA,NA,NA,6402.6,6276.6,129943,6137.4,6017.2,3132,NA,NA,NA,5848,5750.8,2917,NA,NA,NA,NA,NA,NA,5605,5576.4,369,NA,NA,NA,NA,NA,NA,NA,NA,NA,NA,NA,NA,NA,NA,NA
"2015-08-31",NA,NA,NA,NA,NA,NA,NA,NA,NA,NA,NA,NA,5961.4,5959,85814,5663.8,5661.6,2071,NA,NA,NA,5367.8,5389.8,2265,NA,NA,NA,NA,NA,NA,5222.2,5211,404,NA,NA,NA,NA,NA,NA,NA,NA,NA,NA,NA,NA,NA,NA,NA
"2015-09-01",NA,NA,NA,NA,NA,NA,NA,NA,NA,NA,NA,NA,5373,5437.4,109123,5095.6,5123.6,3206,NA,NA,NA,4851,4860.8,4143,NA,NA,NA,NA,NA,NA,4690,4699.8,461,NA,NA,NA,NA,NA,NA,NA,NA,NA,NA,NA,NA,NA,NA,NA
"2015-09-02",NA,NA,NA,NA,NA,NA,NA,NA,NA,NA,NA,NA,5377,5383.6,158776,5009,4999,4689,NA,NA,NA,4724.8,4720,5041,NA,NA,NA,NA,NA,NA,4617,4623.2,622,NA,NA,NA,NA,NA,NA,NA,NA,NA,NA,NA,NA,NA,NA,NA
"2015-09-07",NA,NA,NA,NA,NA,NA,NA,NA,NA,NA,NA,NA,5795,5802.8,11697,5436.8,5451.8,1412,NA,NA,NA,5050,5048.6,1018,NA,NA,NA,NA,NA,NA,4927,4907.8,295,NA,NA,NA,NA,NA,NA,NA,NA,NA,NA,NA,NA,NA,NA,NA
"2015-09-08",NA,NA,NA,NA,NA,NA,NA,NA,NA,NA,NA,NA,6383,6267,10836,5996.8,5938,1170,NA,NA,NA,5553.4,5523.6,1008,NA,NA,NA,NA,NA,NA,5363.2,5375.8,153,NA,NA,NA,NA,NA,NA,NA,NA,NA,NA,NA,NA,NA,NA,NA
"2015-09-09",NA,NA,NA,NA,NA,NA,NA,NA,NA,NA,NA,NA,6369,6371,9181,6190.8,6194.6,1275,NA,NA,NA,5934.6,5907.6,1187,NA,NA,NA,NA,NA,NA,5851,5767.8,177,NA,NA,NA,NA,NA,NA,NA,NA,NA,NA,NA,NA,NA,NA,NA
"2015-09-10",NA,NA,NA,NA,NA,NA,NA,NA,NA,NA,NA,NA,6319,6350.8,6395,6099.4,6140.2,757,NA,NA,NA,5829.8,5848,552,NA,NA,NA,NA,NA,NA,5701,5716.4,46,NA,NA,NA,NA,NA,NA,NA,NA,NA,NA,NA,NA,NA,NA,NA
"2015-09-11",NA,NA,NA,NA,NA,NA,NA,NA,NA,NA,NA,NA,6420,6397.8,6184,6189.6,6158.2,1015,NA,NA,NA,5879,5847,434,NA,NA,NA,NA,NA,NA,5740,5710.2,60,NA,NA,NA,NA,NA,NA,NA,NA,NA,NA,NA,NA,NA,NA,NA
"2015-09-14",NA,NA,NA,NA,NA,NA,NA,NA,NA,NA,NA,NA,5758.2,5799.8,8153,5542.4,5550.8,1781,NA,NA,NA,5262.4,5265.6,639,NA,NA,NA,NA,NA,NA,5139.2,5139.8,73,NA,NA,NA,NA,NA,NA,NA,NA,NA,NA,NA,NA,NA,NA,NA
"2015-09-15",NA,NA,NA,NA,NA,NA,NA,NA,NA,NA,NA,NA,5663.6,5667.8,6917,5311,5277,2695,NA,NA,NA,4990,4961.6,750,NA,NA,NA,NA,NA,NA,4856.8,4849,133,NA,NA,NA,NA,NA,NA,NA,NA,NA,NA,NA,NA,NA,NA,NA
"2015-09-16",NA,NA,NA,NA,NA,NA,NA,NA,NA,NA,NA,NA,6050.8,6025.2,7708,5804.6,5743.8,5033,NA,NA,NA,5457.6,5388.6,1149,NA,NA,NA,NA,NA,NA,5333.8,5306.4,172,NA,NA,NA,NA,NA,NA,NA,NA,NA,NA,NA,NA,NA,NA,NA
"2015-09-17",NA,NA,NA,NA,NA,NA,NA,NA,NA,NA,NA,NA,5955,6072.2,4130,5699,5816.4,7501,NA,NA,NA,5273,5406.2,1122,NA,NA,NA,NA,NA,NA,5152.8,5243.6,152,NA,NA,NA,NA,NA,NA,NA,NA,NA,NA,NA,NA,NA,NA,NA
"2015-09-18",NA,NA,NA,NA,NA,NA,NA,NA,NA,NA,NA,NA,6010.2,6010.09,2184,5830,5803.2,8649,NA,NA,NA,5468.8,5437.4,919,NA,NA,NA,NA,NA,NA,5280,5244.2,109,NA,NA,NA,NA,NA,NA,NA,NA,NA,NA,NA,NA,NA,NA,NA
"2015-09-21",NA,NA,NA,NA,NA,NA,NA,NA,NA,NA,NA,NA,NA,NA,NA,6170.2,6077.4,10042,5984.8,5896.2,314,5841.2,5766.8,1024,NA,NA,NA,NA,NA,NA,5583.4,5546.4,143,NA,NA,NA,NA,NA,NA,NA,NA,NA,NA,NA,NA,NA,NA,NA
"2015-09-22",NA,NA,NA,NA,NA,NA,NA,NA,NA,NA,NA,NA,NA,NA,NA,6077.8,6097.8,9276,5918,5911,183,5788.4,5809,927,NA,NA,NA,NA,NA,NA,5600,5593.8,93,NA,NA,NA,NA,NA,NA,NA,NA,NA,NA,NA,NA,NA,NA,NA
"2015-09-23",NA,NA,NA,NA,NA,NA,NA,NA,NA,NA,NA,NA,NA,NA,NA,5980.4,5998.4,9051,5762,5780.6,208,5625,5662,912,NA,NA,NA,NA,NA,NA,5449.2,5467.8,62,NA,NA,NA,NA,NA,NA,NA,NA,NA,NA,NA,NA,NA,NA,NA
"2015-09-24",NA,NA,NA,NA,NA,NA,NA,NA,NA,NA,NA,NA,NA,NA,NA,6100,6064.6,8986,5869.6,5835.2,146,5720,5704.4,773,NA,NA,NA,NA,NA,NA,5511.6,5483.6,83,NA,NA,NA,NA,NA,NA,NA,NA,NA,NA,NA,NA,NA,NA,NA
"2015-09-25",NA,NA,NA,NA,NA,NA,NA,NA,NA,NA,NA,NA,NA,NA,NA,5787.4,5785.8,10687,5550.2,5566.8,187,5444,5451,800,NA,NA,NA,NA,NA,NA,5232,5240.2,100,NA,NA,NA,NA,NA,NA,NA,NA,NA,NA,NA,NA,NA,NA,NA
"2015-09-28",NA,NA,NA,NA,NA,NA,NA,NA,NA,NA,NA,NA,NA,NA,NA,5994.4,5992,9431,5768.4,5759.8,157,5632.6,5617,876,NA,NA,NA,NA,NA,NA,5362,5354.2,142,NA,NA,NA,NA,NA,NA,NA,NA,NA,NA,NA,NA,NA,NA,NA
"2015-09-29",NA,NA,NA,NA,NA,NA,NA,NA,NA,NA,NA,NA,NA,NA,NA,5914,5882.2,8872,5671,5659.8,129,5519.6,5496.6,726,NA,NA,NA,NA,NA,NA,5274,5241.2,43,NA,NA,NA,NA,NA,NA,NA,NA,NA,NA,NA,NA,NA,NA,NA
"2015-09-30",NA,NA,NA,NA,NA,NA,NA,NA,NA,NA,NA,NA,NA,NA,NA,5917.8,5921.2,7381,5700,5715.8,105,5560,5570.8,674,NA,NA,NA,NA,NA,NA,5289.8,5324.8,37,NA,NA,NA,NA,NA,NA,NA,NA,NA,NA,NA,NA,NA,NA,NA
"2015-10-08",NA,NA,NA,NA,NA,NA,NA,NA,NA,NA,NA,NA,NA,NA,NA,6195.2,6231.2,7856,6005.6,6042,307,5890,5921.8,1071,NA,NA,NA,NA,NA,NA,5594.2,5590.2,117,NA,NA,NA,NA,NA,NA,NA,NA,NA,NA,NA,NA,NA,NA,NA
"2015-10-09",NA,NA,NA,NA,NA,NA,NA,NA,NA,NA,NA,NA,NA,NA,NA,6406.8,6392.6,7489,6157,6159.8,348,6011,6027.2,981,NA,NA,NA,NA,NA,NA,5748,5747,92,NA,NA,NA,NA,NA,NA,NA,NA,NA,NA,NA,NA,NA,NA,NA
"2015-10-12",NA,NA,NA,NA,NA,NA,NA,NA,NA,NA,NA,NA,NA,NA,NA,6642.6,6670.4,8516,6467.8,6486,835,6324,6367,1456,NA,NA,NA,NA,NA,NA,6039,6065.8,136,NA,NA,NA,NA,NA,NA,NA,NA,NA,NA,NA,NA,NA,NA,NA
"2015-10-13",NA,NA,NA,NA,NA,NA,NA,NA,NA,NA,NA,NA,NA,NA,NA,6688.6,6703.4,6576,6491,6492.8,991,6348,6356.8,958,NA,NA,NA,NA,NA,NA,6055,6063.6,85,NA,NA,NA,NA,NA,NA,NA,NA,NA,NA,NA,NA,NA,NA,NA
"2015-10-14",NA,NA,NA,NA,NA,NA,NA,NA,NA,NA,NA,NA,NA,NA,NA,6645.2,6663.8,6975,6400,6433.2,1445,6220,6254.8,821,NA,NA,NA,NA,NA,NA,5933,5955.6,63,NA,NA,NA,NA,NA,NA,NA,NA,NA,NA,NA,NA,NA,NA,NA
"2015-10-15",NA,NA,NA,NA,NA,NA,NA,NA,NA,NA,NA,NA,NA,NA,NA,6954.8,6914.2,5867,6814,6762.8,4442,6610,6574.8,1301,NA,NA,NA,NA,NA,NA,6299.8,6272.4,96,NA,NA,NA,NA,NA,NA,NA,NA,NA,NA,NA,NA,NA,NA,NA
"2015-10-16",NA,NA,NA,NA,NA,NA,NA,NA,NA,NA,NA,NA,NA,NA,NA,6979.8,6978.91,3753,6779,6747,7352,6599.8,6563.8,1390,NA,NA,NA,NA,NA,NA,6280,6282.2,111,NA,NA,NA,NA,NA,NA,NA,NA,NA,NA,NA,NA,NA,NA,NA
"2015-10-19",NA,NA,NA,NA,NA,NA,NA,NA,NA,NA,NA,NA,NA,NA,NA,NA,NA,NA,6685,6633.8,8686,6492,6430.8,1351,NA,NA,NA,NA,NA,NA,6083,6109.2,126,NA,NA,NA,NA,NA,NA,6005.8,6005.8,16,NA,NA,NA,NA,NA,NA
"2015-10-20",NA,NA,NA,NA,NA,NA,NA,NA,NA,NA,NA,NA,NA,NA,NA,NA,NA,NA,6850,6768.6,8843,6609.8,6555.8,1457,NA,NA,NA,NA,NA,NA,6308.8,6257.2,98,NA,NA,NA,NA,NA,NA,6196.8,6112.2,17,NA,NA,NA,NA,NA,NA
"2015-10-21",NA,NA,NA,NA,NA,NA,NA,NA,NA,NA,NA,NA,NA,NA,NA,NA,NA,NA,6478.8,6499.2,10707,6268,6289.2,1511,NA,NA,NA,NA,NA,NA,5980.2,6000,164,NA,NA,NA,NA,NA,NA,5858,5859.2,44,NA,NA,NA,NA,NA,NA
"2015-10-22",NA,NA,NA,NA,NA,NA,NA,NA,NA,NA,NA,NA,NA,NA,NA,NA,NA,NA,6666.2,6669.2,10515,6458.2,6462.2,1557,NA,NA,NA,NA,NA,NA,6145.8,6175.4,141,NA,NA,NA,NA,NA,NA,5988,5964.8,20,NA,NA,NA,NA,NA,NA
"2015-10-23",NA,NA,NA,NA,NA,NA,NA,NA,NA,NA,NA,NA,NA,NA,NA,NA,NA,NA,6908,6873,9940,6697,6647.8,1464,NA,NA,NA,NA,NA,NA,6360,6337,142,NA,NA,NA,NA,NA,NA,6149,6135.2,20,NA,NA,NA,NA,NA,NA
"2015-10-26",NA,NA,NA,NA,NA,NA,NA,NA,NA,NA,NA,NA,NA,NA,NA,NA,NA,NA,6865,6816.8,9359,6639,6586.6,1262,NA,NA,NA,NA,NA,NA,6302,6271.2,136,NA,NA,NA,NA,NA,NA,6102.2,6102.2,24,NA,NA,NA,NA,NA,NA
"2015-10-27",NA,NA,NA,NA,NA,NA,NA,NA,NA,NA,NA,NA,NA,NA,NA,NA,NA,NA,6903.4,6921.8,10357,6684.4,6688.8,1440,NA,NA,NA,NA,NA,NA,6319.8,6309.8,103,NA,NA,NA,NA,NA,NA,6031,6061,14,NA,NA,NA,NA,NA,NA
"2015-10-28",NA,NA,NA,NA,NA,NA,NA,NA,NA,NA,NA,NA,NA,NA,NA,NA,NA,NA,6683.4,6714,9763,6462,6485.6,1415,NA,NA,NA,NA,NA,NA,6115.4,6094,81,NA,NA,NA,NA,NA,NA,5852,5860.4,15,NA,NA,NA,NA,NA,NA
"2015-10-29",NA,NA,NA,NA,NA,NA,NA,NA,NA,NA,NA,NA,NA,NA,NA,NA,NA,NA,6782,6790.8,9744,6521,6535.4,1547,NA,NA,NA,NA,NA,NA,6105,6097.4,77,NA,NA,NA,NA,NA,NA,5953,5941,13,NA,NA,NA,NA,NA,NA
"2015-10-30",NA,NA,NA,NA,NA,NA,NA,NA,NA,NA,NA,NA,NA,NA,NA,NA,NA,NA,6783.8,6809.6,10368,6529.4,6552.8,1441,NA,NA,NA,NA,NA,NA,6115,6161.4,83,NA,NA,NA,NA,NA,NA,5900,5900,14,NA,NA,NA,NA,NA,NA
"2015-11-02",NA,NA,NA,NA,NA,NA,NA,NA,NA,NA,NA,NA,NA,NA,NA,NA,NA,NA,6668.8,6687.4,10294,6406.4,6412.8,1501,NA,NA,NA,NA,NA,NA,6022.2,6015.6,76,NA,NA,NA,NA,NA,NA,5782,5785.4,13,NA,NA,NA,NA,NA,NA
"2015-11-03",NA,NA,NA,NA,NA,NA,NA,NA,NA,NA,NA,NA,NA,NA,NA,NA,NA,NA,6656.2,6648.6,9553,6384.6,6374.8,1158,NA,NA,NA,NA,NA,NA,5968.8,5998.4,73,NA,NA,NA,NA,NA,NA,5778,5761.8,16,NA,NA,NA,NA,NA,NA
"2015-11-04",NA,NA,NA,NA,NA,NA,NA,NA,NA,NA,NA,NA,NA,NA,NA,NA,NA,NA,7090.6,7055.2,11240,6826,6783,1849,NA,NA,NA,NA,NA,NA,6428,6331.4,137,NA,NA,NA,NA,NA,NA,6149.8,6114,14,NA,NA,NA,NA,NA,NA
"2015-11-05",NA,NA,NA,NA,NA,NA,NA,NA,NA,NA,NA,NA,NA,NA,NA,NA,NA,NA,7066.4,7056.6,9820,6797.4,6779.4,1752,NA,NA,NA,NA,NA,NA,6358,6345,120,NA,NA,NA,NA,NA,NA,6125,6125,33,NA,NA,NA,NA,NA,NA
"2015-11-06",NA,NA,NA,NA,NA,NA,NA,NA,NA,NA,NA,NA,NA,NA,NA,NA,NA,NA,7293.8,7279.8,8847,7072.4,7029.8,1814,NA,NA,NA,NA,NA,NA,6650,6613.4,127,NA,NA,NA,NA,NA,NA,6376.4,6343,42,NA,NA,NA,NA,NA,NA
"2015-11-09",NA,NA,NA,NA,NA,NA,NA,NA,NA,NA,NA,NA,NA,NA,NA,NA,NA,NA,7353.8,7393.6,8477,7170,7206.8,1967,NA,NA,NA,NA,NA,NA,6858.6,6882.8,232,NA,NA,NA,NA,NA,NA,6666,6652.2,44,NA,NA,NA,NA,NA,NA
"2015-11-10",NA,NA,NA,NA,NA,NA,NA,NA,NA,NA,NA,NA,NA,NA,NA,NA,NA,NA,7394,7399.8,7301,7160.2,7167.4,1504,NA,NA,NA,NA,NA,NA,6830.2,6835.2,166,NA,NA,NA,NA,NA,NA,6650,6650,31,NA,NA,NA,NA,NA,NA
"2015-11-11",NA,NA,NA,NA,NA,NA,NA,NA,NA,NA,NA,NA,NA,NA,NA,NA,NA,NA,7545,7495.2,7006,7319,7259.4,1618,NA,NA,NA,NA,NA,NA,6965,6915.4,115,NA,NA,NA,NA,NA,NA,6760,6670.6,63,NA,NA,NA,NA,NA,NA
"2015-11-12",NA,NA,NA,NA,NA,NA,NA,NA,NA,NA,NA,NA,NA,NA,NA,NA,NA,NA,7519,7511.8,7645,7254.6,7250,2031,NA,NA,NA,NA,NA,NA,6894,6895.2,126,NA,NA,NA,NA,NA,NA,6644,6607.2,56,NA,NA,NA,NA,NA,NA
"2015-11-13",NA,NA,NA,NA,NA,NA,NA,NA,NA,NA,NA,NA,NA,NA,NA,NA,NA,NA,7468,7473.6,7923,7156,7177.4,2201,NA,NA,NA,NA,NA,NA,6775,6796,110,NA,NA,NA,NA,NA,NA,6574.8,6536.4,23,NA,NA,NA,NA,NA,NA
"2015-11-16",NA,NA,NA,NA,NA,NA,NA,NA,NA,NA,NA,NA,NA,NA,NA,NA,NA,NA,7638,7623.2,7723,7370,7334,2949,NA,NA,NA,NA,NA,NA,6940,6900.8,160,NA,NA,NA,NA,NA,NA,6674,6659.4,29,NA,NA,NA,NA,NA,NA
"2015-11-17",NA,NA,NA,NA,NA,NA,NA,NA,NA,NA,NA,NA,NA,NA,NA,NA,NA,NA,7547.6,7557.6,7544,7248,7268,3993,NA,NA,NA,NA,NA,NA,6782.6,6817.4,222,NA,NA,NA,NA,NA,NA,6466.6,6515,43,NA,NA,NA,NA,NA,NA
"2015-11-18",NA,NA,NA,NA,NA,NA,NA,NA,NA,NA,NA,NA,NA,NA,NA,NA,NA,NA,7499,7516,5941,7176,7199.2,5222,NA,NA,NA,NA,NA,NA,6697.8,6728,187,NA,NA,NA,NA,NA,NA,6362.2,6424.4,44,NA,NA,NA,NA,NA,NA
"2015-11-19",NA,NA,NA,NA,NA,NA,NA,NA,NA,NA,NA,NA,NA,NA,NA,NA,NA,NA,7697,7677.6,4148,7435.6,7410,7685,NA,NA,NA,NA,NA,NA,6939,6915.6,182,NA,NA,NA,NA,NA,NA,6571.2,6600,30,NA,NA,NA,NA,NA,NA
"2015-11-20",NA,NA,NA,NA,NA,NA,NA,NA,NA,NA,NA,NA,NA,NA,NA,NA,NA,NA,7804,7804.73,3192,7442.6,7435.6,9007,NA,NA,NA,NA,NA,NA,6916,6929.4,274,NA,NA,NA,NA,NA,NA,6612.4,6617.2,33,NA,NA,NA,NA,NA,NA
"2015-11-23",NA,NA,NA,NA,NA,NA,NA,NA,NA,NA,NA,NA,NA,NA,NA,NA,NA,NA,NA,NA,NA,7356.6,7368.8,9003,7151.8,7148.2,344,NA,NA,NA,6841.8,6864,350,NA,NA,NA,NA,NA,NA,6517,6530.2,41,NA,NA,NA,NA,NA,NA
"2015-11-24",NA,NA,NA,NA,NA,NA,NA,NA,NA,NA,NA,NA,NA,NA,NA,NA,NA,NA,NA,NA,NA,7471,7451.2,8658,7232,7205.2,285,NA,NA,NA,6921.8,6906.6,261,NA,NA,NA,NA,NA,NA,6548.2,6559.2,49,NA,NA,NA,NA,NA,NA
"2015-11-25",NA,NA,NA,NA,NA,NA,NA,NA,NA,NA,NA,NA,NA,NA,NA,NA,NA,NA,NA,NA,NA,7631,7602.6,8171,7385,7367.6,272,NA,NA,NA,7066,7035.6,216,NA,NA,NA,NA,NA,NA,6685,6665.4,47,NA,NA,NA,NA,NA,NA
"2015-11-26",NA,NA,NA,NA,NA,NA,NA,NA,NA,NA,NA,NA,NA,NA,NA,NA,NA,NA,NA,NA,NA,7531.8,7555.4,7986,7304,7326.4,217,NA,NA,NA,6955,6962,278,NA,NA,NA,NA,NA,NA,6602,6589.4,38,NA,NA,NA,NA,NA,NA
"2015-11-27",NA,NA,NA,NA,NA,NA,NA,NA,NA,NA,NA,NA,NA,NA,NA,NA,NA,NA,NA,NA,NA,7092.6,7085.2,11342,6846.6,6856.2,444,NA,NA,NA,6500,6506.2,409,NA,NA,NA,NA,NA,NA,6088,6144.8,60,NA,NA,NA,NA,NA,NA
"2015-11-30",NA,NA,NA,NA,NA,NA,NA,NA,NA,NA,NA,NA,NA,NA,NA,NA,NA,NA,NA,NA,NA,7118.2,7125.2,11040,6874.2,6906.2,376,NA,NA,NA,6550,6560.6,381,NA,NA,NA,NA,NA,NA,6161,6164.2,62,NA,NA,NA,NA,NA,NA
"2015-12-01",NA,NA,NA,NA,NA,NA,NA,NA,NA,NA,NA,NA,NA,NA,NA,NA,NA,NA,NA,NA,NA,7137.6,7116.4,10169,6913.8,6889,391,NA,NA,NA,6547.8,6530.4,292,NA,NA,NA,NA,NA,NA,6162.8,6150.8,57,NA,NA,NA,NA,NA,NA
"2015-12-02",NA,NA,NA,NA,NA,NA,NA,NA,NA,NA,NA,NA,NA,NA,NA,NA,NA,NA,NA,NA,NA,7280.2,7214,12101,7054,6967,481,NA,NA,NA,6702,6619.2,354,NA,NA,NA,NA,NA,NA,6299,6224.6,95,NA,NA,NA,NA,NA,NA
"2015-12-03",NA,NA,NA,NA,NA,NA,NA,NA,NA,NA,NA,NA,NA,NA,NA,NA,NA,NA,NA,NA,NA,7377.8,7362,9758,7129,7103.2,416,NA,NA,NA,6749.8,6725.4,357,NA,NA,NA,NA,NA,NA,6369,6330.6,49,NA,NA,NA,NA,NA,NA
"2015-12-04",NA,NA,NA,NA,NA,NA,NA,NA,NA,NA,NA,NA,NA,NA,NA,NA,NA,NA,NA,NA,NA,7315.8,7287.4,8667,7061,7026,340,NA,NA,NA,6648.8,6630,284,NA,NA,NA,NA,NA,NA,6221,6219,61,NA,NA,NA,NA,NA,NA
"2015-12-07",NA,NA,NA,NA,NA,NA,NA,NA,NA,NA,NA,NA,NA,NA,NA,NA,NA,NA,NA,NA,NA,7339.4,7346.2,8792,7081.2,7074.6,489,NA,NA,NA,6687.4,6686.2,287,NA,NA,NA,NA,NA,NA,6286.8,6266.2,37,NA,NA,NA,NA,NA,NA
"2015-12-08",NA,NA,NA,NA,NA,NA,NA,NA,NA,NA,NA,NA,NA,NA,NA,NA,NA,NA,NA,NA,NA,7230,7223.2,8842,6954.2,6959.8,534,NA,NA,NA,6563.2,6560.6,298,NA,NA,NA,NA,NA,NA,6140.2,6150.4,54,NA,NA,NA,NA,NA,NA
"2015-12-09",NA,NA,NA,NA,NA,NA,NA,NA,NA,NA,NA,NA,NA,NA,NA,NA,NA,NA,NA,NA,NA,7212,7196.8,8429,6949.2,6928.6,703,NA,NA,NA,6524.6,6522.4,267,NA,NA,NA,NA,NA,NA,6126.4,6115.4,56,NA,NA,NA,NA,NA,NA
"2015-12-10",NA,NA,NA,NA,NA,NA,NA,NA,NA,NA,NA,NA,NA,NA,NA,NA,NA,NA,NA,NA,NA,7170,7200.4,9567,6902.4,6924.6,834,NA,NA,NA,6481.2,6497.8,373,NA,NA,NA,NA,NA,NA,6072.4,6114.8,74,NA,NA,NA,NA,NA,NA
"2015-12-11",NA,NA,NA,NA,NA,NA,NA,NA,NA,NA,NA,NA,NA,NA,NA,NA,NA,NA,NA,NA,NA,7227.4,7215.2,8567,6935,6926,1128,NA,NA,NA,6529,6499,350,NA,NA,NA,NA,NA,NA,6110,6099.6,55,NA,NA,NA,NA,NA,NA
"2015-12-14",NA,NA,NA,NA,NA,NA,NA,NA,NA,NA,NA,NA,NA,NA,NA,NA,NA,NA,NA,NA,NA,7422,7393.4,9189,7160.2,7128.8,1949,NA,NA,NA,6740,6704.4,315,NA,NA,NA,NA,NA,NA,6339.8,6255,53,NA,NA,NA,NA,NA,NA
"2015-12-15",NA,NA,NA,NA,NA,NA,NA,NA,NA,NA,NA,NA,NA,NA,NA,NA,NA,NA,NA,NA,NA,7446,7454.6,6822,7172.6,7199.8,2551,NA,NA,NA,6740,6765.2,316,NA,NA,NA,NA,NA,NA,6322.2,6328,94,NA,NA,NA,NA,NA,NA
"2015-12-16",NA,NA,NA,NA,NA,NA,NA,NA,NA,NA,NA,NA,NA,NA,NA,NA,NA,NA,NA,NA,NA,7492.6,7502.6,6024,7231.8,7246.6,3186,NA,NA,NA,6809.6,6826.2,368,NA,NA,NA,NA,NA,NA,6400.8,6409,58,NA,NA,NA,NA,NA,NA
"2015-12-17",NA,NA,NA,NA,NA,NA,NA,NA,NA,NA,NA,NA,NA,NA,NA,NA,NA,NA,NA,NA,NA,7693.6,7678.6,5077,7461,7439.2,5939,NA,NA,NA,7026.2,6995.6,430,NA,NA,NA,NA,NA,NA,6640,6599.8,69,NA,NA,NA,NA,NA,NA
"2015-12-18",NA,NA,NA,NA,NA,NA,NA,NA,NA,NA,NA,NA,NA,NA,NA,NA,NA,NA,NA,NA,NA,7700.8,7698.58,4294,7487.6,7453.8,7874,NA,NA,NA,7044,7012.4,379,NA,NA,NA,NA,NA,NA,6616.4,6592.8,80,NA,NA,NA,NA,NA,NA
"2015-12-21",NA,NA,NA,NA,NA,NA,NA,NA,NA,NA,NA,NA,NA,NA,NA,NA,NA,NA,NA,NA,NA,NA,NA,NA,7585,7588.6,7880,7384,7382.2,172,7200,7196.6,580,NA,NA,NA,NA,NA,NA,6749.6,6735,83,NA,NA,NA,NA,NA,NA
"2015-12-22",NA,NA,NA,NA,NA,NA,NA,NA,NA,NA,NA,NA,NA,NA,NA,NA,NA,NA,NA,NA,NA,NA,NA,NA,7650,7624.4,7211,7459.4,7436.6,199,7325.4,7286.2,594,NA,NA,NA,NA,NA,NA,6873.8,6843.6,58,NA,NA,NA,NA,NA,NA
"2015-12-23",NA,NA,NA,NA,NA,NA,NA,NA,NA,NA,NA,NA,NA,NA,NA,NA,NA,NA,NA,NA,NA,NA,NA,NA,7516.4,7551.6,7931,7338.2,7386.4,170,7192.2,7237.8,519,NA,NA,NA,NA,NA,NA,6797.8,6827,87,NA,NA,NA,NA,NA,NA
"2015-12-24",NA,NA,NA,NA,NA,NA,NA,NA,NA,NA,NA,NA,NA,NA,NA,NA,NA,NA,NA,NA,NA,NA,NA,NA,7533.4,7532.6,7879,7349.4,7343.8,183,7200,7202,577,NA,NA,NA,NA,NA,NA,6835,6815.4,94,NA,NA,NA,NA,NA,NA
"2015-12-25",NA,NA,NA,NA,NA,NA,NA,NA,NA,NA,NA,NA,NA,NA,NA,NA,NA,NA,NA,NA,NA,NA,NA,NA,7595.8,7566.4,6734,7390.4,7334.2,186,7242,7210,347,NA,NA,NA,NA,NA,NA,6868,6831.2,81,NA,NA,NA,NA,NA,NA
"2015-12-28",NA,NA,NA,NA,NA,NA,NA,NA,NA,NA,NA,NA,NA,NA,NA,NA,NA,NA,NA,NA,NA,NA,NA,NA,7305,7371.4,8527,7088.8,7153.2,201,6945,6999.8,519,NA,NA,NA,NA,NA,NA,6552,6619.6,140,NA,NA,NA,NA,NA,NA
"2015-12-29",NA,NA,NA,NA,NA,NA,NA,NA,NA,NA,NA,NA,NA,NA,NA,NA,NA,NA,NA,NA,NA,NA,NA,NA,7418.2,7400.8,8751,7208.4,7195.8,160,7053,7032.6,405,NA,NA,NA,NA,NA,NA,6668.4,6646.6,71,NA,NA,NA,NA,NA,NA
"2015-12-30",NA,NA,NA,NA,NA,NA,NA,NA,NA,NA,NA,NA,NA,NA,NA,NA,NA,NA,NA,NA,NA,NA,NA,NA,7511.4,7517.6,7661,7297,7312,110,7142.4,7132.8,375,NA,NA,NA,NA,NA,NA,6730.2,6725.8,68,NA,NA,NA,NA,NA,NA
"2015-12-31",NA,NA,NA,NA,NA,NA,NA,NA,NA,NA,NA,NA,NA,NA,NA,NA,NA,NA,NA,NA,NA,NA,NA,NA,7349,7399,8521,7147.2,7187.6,132,6980,7015.6,428,NA,NA,NA,NA,NA,NA,6550.8,6601.2,104,NA,NA,NA,NA,NA,NA
"2016-01-04",NA,NA,NA,NA,NA,NA,NA,NA,NA,NA,NA,NA,NA,NA,NA,NA,NA,NA,NA,NA,NA,NA,NA,NA,6881.2,7000,5957,6685,6849.6,164,6525,6657,457,NA,NA,NA,NA,NA,NA,6226,6303,105,NA,NA,NA,NA,NA,NA
"2016-01-05",NA,NA,NA,NA,NA,NA,NA,NA,NA,NA,NA,NA,NA,NA,NA,NA,NA,NA,NA,NA,NA,NA,NA,NA,6699,6673.4,10206,6533.6,6537.4,436,6364.6,6351.2,913,NA,NA,NA,NA,NA,NA,6030,6000.6,223,NA,NA,NA,NA,NA,NA
"2016-01-06",NA,NA,NA,NA,NA,NA,NA,NA,NA,NA,NA,NA,NA,NA,NA,NA,NA,NA,NA,NA,NA,NA,NA,NA,6814.4,6838.6,9565,6632.2,6660,394,6468,6492.8,752,NA,NA,NA,NA,NA,NA,6120.6,6112.6,139,NA,NA,NA,NA,NA,NA
"2016-01-07",NA,NA,NA,NA,NA,NA,NA,NA,NA,NA,NA,NA,NA,NA,NA,NA,NA,NA,NA,NA,NA,NA,NA,NA,6360,6612.2,2196,6327,6505.4,114,6039.2,6315.6,168,NA,NA,NA,NA,NA,NA,5820,5922.4,31,NA,NA,NA,NA,NA,NA
"2016-01-08",NA,NA,NA,NA,NA,NA,NA,NA,NA,NA,NA,NA,NA,NA,NA,NA,NA,NA,NA,NA,NA,NA,NA,NA,6399.8,6455.4,10654,6182.2,6269.8,877,6025.6,6061.8,1209,NA,NA,NA,NA,NA,NA,5685.8,5675.4,268,NA,NA,NA,NA,NA,NA
"2016-01-11",NA,NA,NA,NA,NA,NA,NA,NA,NA,NA,NA,NA,NA,NA,NA,NA,NA,NA,NA,NA,NA,NA,NA,NA,5940.4,6067.8,11236,5700,5843.6,1368,5512.6,5639.6,1557,NA,NA,NA,NA,NA,NA,5193.8,5263.4,346,NA,NA,NA,NA,NA,NA
"2016-01-12",NA,NA,NA,NA,NA,NA,NA,NA,NA,NA,NA,NA,NA,NA,NA,NA,NA,NA,NA,NA,NA,NA,NA,NA,6074.8,6087.8,11013,5820.4,5834,2554,5609,5628.2,1268,NA,NA,NA,NA,NA,NA,5205.2,5267.4,156,NA,NA,NA,NA,NA,NA
"2016-01-13",NA,NA,NA,NA,NA,NA,NA,NA,NA,NA,NA,NA,NA,NA,NA,NA,NA,NA,NA,NA,NA,NA,NA,NA,5904.4,5948.4,10420,5630,5678.2,3478,5422.8,5456.2,1206,NA,NA,NA,NA,NA,NA,5098,5083.6,177,NA,NA,NA,NA,NA,NA
"2016-01-14",NA,NA,NA,NA,NA,NA,NA,NA,NA,NA,NA,NA,NA,NA,NA,NA,NA,NA,NA,NA,NA,NA,NA,NA,6078,6067.6,8896,5800,5818,7263,5555,5561.4,1964,NA,NA,NA,NA,NA,NA,5183.6,5163,263,NA,NA,NA,NA,NA,NA
"2016-01-15",NA,NA,NA,NA,NA,NA,NA,NA,NA,NA,NA,NA,NA,NA,NA,NA,NA,NA,NA,NA,NA,NA,NA,NA,5942.8,5940.3,5486,5570,5550.8,10971,5327.6,5313.6,2063,NA,NA,NA,NA,NA,NA,4882.8,4899.4,362,NA,NA,NA,NA,NA,NA
"2016-01-18",NA,NA,NA,NA,NA,NA,NA,NA,NA,NA,NA,NA,NA,NA,NA,NA,NA,NA,NA,NA,NA,NA,NA,NA,NA,NA,NA,5695.2,5737,12537,5480.6,5521.4,1727,NA,NA,NA,NA,NA,NA,4983.2,5026,489,4665.2,4706,68,NA,NA,NA
"2016-01-19",NA,NA,NA,NA,NA,NA,NA,NA,NA,NA,NA,NA,NA,NA,NA,NA,NA,NA,NA,NA,NA,NA,NA,NA,NA,NA,NA,5928.8,5931.4,11821,5726.6,5731.6,1783,NA,NA,NA,NA,NA,NA,5235,5218.2,332,4864,4848,93,NA,NA,NA
"2016-01-20",NA,NA,NA,NA,NA,NA,NA,NA,NA,NA,NA,NA,NA,NA,NA,NA,NA,NA,NA,NA,NA,NA,NA,NA,NA,NA,NA,5835,5851.2,11388,5621.8,5641.4,1564,NA,NA,NA,NA,NA,NA,5116.6,5128,219,4785,4759,85,NA,NA,NA
"2016-01-21",NA,NA,NA,NA,NA,NA,NA,NA,NA,NA,NA,NA,NA,NA,NA,NA,NA,NA,NA,NA,NA,NA,NA,NA,NA,NA,NA,5679,5722,13357,5489,5532,1956,NA,NA,NA,NA,NA,NA,4981.2,5027.6,246,4615.6,4631.6,147,NA,NA,NA
"2016-01-22",NA,NA,NA,NA,NA,NA,NA,NA,NA,NA,NA,NA,NA,NA,NA,NA,NA,NA,NA,NA,NA,NA,NA,NA,NA,NA,NA,5779.8,5772.6,12855,5567.8,5566.8,1805,NA,NA,NA,NA,NA,NA,5038,5030.6,259,4628,4623,200,NA,NA,NA
"2016-01-25",NA,NA,NA,NA,NA,NA,NA,NA,NA,NA,NA,NA,NA,NA,NA,NA,NA,NA,NA,NA,NA,NA,NA,NA,NA,NA,NA,5800,5789.4,10339,5598,5586,1620,NA,NA,NA,NA,NA,NA,5008.6,5017,357,4552.2,4559.4,304,NA,NA,NA
"2016-01-26",NA,NA,NA,NA,NA,NA,NA,NA,NA,NA,NA,NA,NA,NA,NA,NA,NA,NA,NA,NA,NA,NA,NA,NA,NA,NA,NA,5401.2,5467.4,12248,5202,5274,2002,NA,NA,NA,NA,NA,NA,4661,4739.6,408,4320,4338.8,382,NA,NA,NA
"2016-01-27",NA,NA,NA,NA,NA,NA,NA,NA,NA,NA,NA,NA,NA,NA,NA,NA,NA,NA,NA,NA,NA,NA,NA,NA,NA,NA,NA,5280.4,5284.4,14261,5090,5098,2357,NA,NA,NA,NA,NA,NA,4643.8,4652,569,4300,4292,317,NA,NA,NA
"2016-01-28",NA,NA,NA,NA,NA,NA,NA,NA,NA,NA,NA,NA,NA,NA,NA,NA,NA,NA,NA,NA,NA,NA,NA,NA,NA,NA,NA,5155,5215.8,11986,4978,5033.4,1883,NA,NA,NA,NA,NA,NA,4566,4608.8,412,4271.4,4293,278,NA,NA,NA
"2016-01-29",NA,NA,NA,NA,NA,NA,NA,NA,NA,NA,NA,NA,NA,NA,NA,NA,NA,NA,NA,NA,NA,NA,NA,NA,NA,NA,NA,5329.8,5370,13534,5160,5203.8,2054,NA,NA,NA,NA,NA,NA,4751.8,4793.8,472,4448,4477.4,389,NA,NA,NA
"2016-02-01",NA,NA,NA,NA,NA,NA,NA,NA,NA,NA,NA,NA,NA,NA,NA,NA,NA,NA,NA,NA,NA,NA,NA,NA,NA,NA,NA,5323,5279.4,11210,5154.8,5115.6,2253,NA,NA,NA,NA,NA,NA,4751.4,4708.2,303,4455,4413.4,299,NA,NA,NA
"2016-02-02",NA,NA,NA,NA,NA,NA,NA,NA,NA,NA,NA,NA,NA,NA,NA,NA,NA,NA,NA,NA,NA,NA,NA,NA,NA,NA,NA,5523.6,5495.4,11870,5346.2,5320,2131,NA,NA,NA,NA,NA,NA,4939,4903.2,305,4608.8,4577,325,NA,NA,NA
"2016-02-03",NA,NA,NA,NA,NA,NA,NA,NA,NA,NA,NA,NA,NA,NA,NA,NA,NA,NA,NA,NA,NA,NA,NA,NA,NA,NA,NA,5556.8,5526,11301,5362,5336.4,2439,NA,NA,NA,NA,NA,NA,4948.2,4921.2,254,4627,4602.4,208,NA,NA,NA
"2016-02-04",NA,NA,NA,NA,NA,NA,NA,NA,NA,NA,NA,NA,NA,NA,NA,NA,NA,NA,NA,NA,NA,NA,NA,NA,NA,NA,NA,5695,5674.4,11228,5524.8,5506.6,3236,NA,NA,NA,NA,NA,NA,5075,5043.6,315,4729.2,4693.6,312,NA,NA,NA
"2016-02-05",NA,NA,NA,NA,NA,NA,NA,NA,NA,NA,NA,NA,NA,NA,NA,NA,NA,NA,NA,NA,NA,NA,NA,NA,NA,NA,NA,5617,5642.4,8330,5458,5478.6,2275,NA,NA,NA,NA,NA,NA,5012,5036,207,4675,4691.4,181,NA,NA,NA
"2016-02-15",NA,NA,NA,NA,NA,NA,NA,NA,NA,NA,NA,NA,NA,NA,NA,NA,NA,NA,NA,NA,NA,NA,NA,NA,NA,NA,NA,5651.4,5640,9579,5480,5464.2,3341,NA,NA,NA,NA,NA,NA,5030,5010.4,292,4689,4672.8,171,NA,NA,NA
"2016-02-16",NA,NA,NA,NA,NA,NA,NA,NA,NA,NA,NA,NA,NA,NA,NA,NA,NA,NA,NA,NA,NA,NA,NA,NA,NA,NA,NA,5881,5876.8,9115,5706,5702.2,5212,NA,NA,NA,NA,NA,NA,5258,5249.2,327,4909.6,4891.4,165,NA,NA,NA
"2016-02-17",NA,NA,NA,NA,NA,NA,NA,NA,NA,NA,NA,NA,NA,NA,NA,NA,NA,NA,NA,NA,NA,NA,NA,NA,NA,NA,NA,5947,5925,7984,5771.4,5750,6230,NA,NA,NA,NA,NA,NA,5304.8,5280.6,384,4930,4916.8,190,NA,NA,NA
"2016-02-18",NA,NA,NA,NA,NA,NA,NA,NA,NA,NA,NA,NA,NA,NA,NA,NA,NA,NA,NA,NA,NA,NA,NA,NA,NA,NA,NA,5950.2,5972,5978,5746,5769,9806,NA,NA,NA,NA,NA,NA,5258.2,5291.2,370,4885,4901.4,215,NA,NA,NA
"2016-02-19",NA,NA,NA,NA,NA,NA,NA,NA,NA,NA,NA,NA,NA,NA,NA,NA,NA,NA,NA,NA,NA,NA,NA,NA,NA,NA,NA,5969.2,5968.37,3806,5767.8,5771,11752,NA,NA,NA,NA,NA,NA,5291,5291.2,379,4917.8,4912.2,175,NA,NA,NA
"2016-02-22",NA,NA,NA,NA,NA,NA,NA,NA,NA,NA,NA,NA,NA,NA,NA,NA,NA,NA,NA,NA,NA,NA,NA,NA,NA,NA,NA,NA,NA,NA,5869.2,5868.4,12135,5703.8,5690.6,280,NA,NA,NA,5380,5381.8,468,4989.6,4982.8,249,NA,NA,NA
"2016-02-23",NA,NA,NA,NA,NA,NA,NA,NA,NA,NA,NA,NA,NA,NA,NA,NA,NA,NA,NA,NA,NA,NA,NA,NA,NA,NA,NA,NA,NA,NA,5845,5800,11641,5655,5619,236,NA,NA,NA,5340,5296.8,457,4960,4926,192,NA,NA,NA
"2016-02-24",NA,NA,NA,NA,NA,NA,NA,NA,NA,NA,NA,NA,NA,NA,NA,NA,NA,NA,NA,NA,NA,NA,NA,NA,NA,NA,NA,NA,NA,NA,5881.8,5831.8,14074,5688.2,5635.4,319,NA,NA,NA,5349,5292,620,4949.4,4874.8,346,NA,NA,NA
"2016-02-25",NA,NA,NA,NA,NA,NA,NA,NA,NA,NA,NA,NA,NA,NA,NA,NA,NA,NA,NA,NA,NA,NA,NA,NA,NA,NA,NA,NA,NA,NA,5361,5431.4,16289,5160,5256.6,500,NA,NA,NA,4834.6,4910.4,711,4457.8,4532.8,479,NA,NA,NA
"2016-02-26",NA,NA,NA,NA,NA,NA,NA,NA,NA,NA,NA,NA,NA,NA,NA,NA,NA,NA,NA,NA,NA,NA,NA,NA,NA,NA,NA,NA,NA,NA,5417.8,5451.2,14435,5237.6,5260.2,433,NA,NA,NA,4910,4928.2,519,4538,4546.2,463,NA,NA,NA
"2016-02-29",NA,NA,NA,NA,NA,NA,NA,NA,NA,NA,NA,NA,NA,NA,NA,NA,NA,NA,NA,NA,NA,NA,NA,NA,NA,NA,NA,NA,NA,NA,5075.2,5102.8,16685,4923.4,4925,621,NA,NA,NA,4622.8,4621.4,704,4255.6,4269.8,517,NA,NA,NA
"2016-03-01",NA,NA,NA,NA,NA,NA,NA,NA,NA,NA,NA,NA,NA,NA,NA,NA,NA,NA,NA,NA,NA,NA,NA,NA,NA,NA,NA,NA,NA,NA,5227.4,5243.6,16946,5040,5058.2,664,NA,NA,NA,4735,4758.6,805,4371,4385,443,NA,NA,NA
"2016-03-02",NA,NA,NA,NA,NA,NA,NA,NA,NA,NA,NA,NA,NA,NA,NA,NA,NA,NA,NA,NA,NA,NA,NA,NA,NA,NA,NA,NA,NA,NA,5587.8,5576.8,17043,5403.8,5406.4,1023,NA,NA,NA,5100,5083.8,780,4678.8,4671.4,460,NA,NA,NA
"2016-03-03",NA,NA,NA,NA,NA,NA,NA,NA,NA,NA,NA,NA,NA,NA,NA,NA,NA,NA,NA,NA,NA,NA,NA,NA,NA,NA,NA,NA,NA,NA,5603.8,5636,15720,5423,5451.8,885,NA,NA,NA,5068,5108.8,872,4658.6,4696.4,532,NA,NA,NA
"2016-03-04",NA,NA,NA,NA,NA,NA,NA,NA,NA,NA,NA,NA,NA,NA,NA,NA,NA,NA,NA,NA,NA,NA,NA,NA,NA,NA,NA,NA,NA,NA,5452,5462.2,17931,5267.8,5266.2,1030,NA,NA,NA,4907.8,4928.4,934,4500,4519.6,500,NA,NA,NA
"2016-03-07",NA,NA,NA,NA,NA,NA,NA,NA,NA,NA,NA,NA,NA,NA,NA,NA,NA,NA,NA,NA,NA,NA,NA,NA,NA,NA,NA,NA,NA,NA,5595,5574.8,15686,5404.2,5386.2,1077,NA,NA,NA,5052,5032.4,958,4643.2,4628.8,622,NA,NA,NA
"2016-03-08",NA,NA,NA,NA,NA,NA,NA,NA,NA,NA,NA,NA,NA,NA,NA,NA,NA,NA,NA,NA,NA,NA,NA,NA,NA,NA,NA,NA,NA,NA,5661,5642.6,17416,5470.2,5456.2,1541,NA,NA,NA,5131.2,5108,883,4748.8,4709.6,574,NA,NA,NA
"2016-03-09",NA,NA,NA,NA,NA,NA,NA,NA,NA,NA,NA,NA,NA,NA,NA,NA,NA,NA,NA,NA,NA,NA,NA,NA,NA,NA,NA,NA,NA,NA,5500,5525,14368,5323,5337,1390,NA,NA,NA,4990,4999,718,4621.6,4620.6,497,NA,NA,NA
"2016-03-10",NA,NA,NA,NA,NA,NA,NA,NA,NA,NA,NA,NA,NA,NA,NA,NA,NA,NA,NA,NA,NA,NA,NA,NA,NA,NA,NA,NA,NA,NA,5396,5444.4,15160,5196.2,5254.8,1667,NA,NA,NA,4879,4928.6,874,4480,4544.2,435,NA,NA,NA
"2016-03-11",NA,NA,NA,NA,NA,NA,NA,NA,NA,NA,NA,NA,NA,NA,NA,NA,NA,NA,NA,NA,NA,NA,NA,NA,NA,NA,NA,NA,NA,NA,5413.2,5422.4,14291,5232.2,5232.8,1829,NA,NA,NA,4890.4,4901.6,769,4481.4,4488.8,470,NA,NA,NA
"2016-03-14",NA,NA,NA,NA,NA,NA,NA,NA,NA,NA,NA,NA,NA,NA,NA,NA,NA,NA,NA,NA,NA,NA,NA,NA,NA,NA,NA,NA,NA,NA,5629.6,5649.4,15660,5444.8,5465.2,3956,NA,NA,NA,5095.4,5123.8,1021,4676.6,4705.4,697,NA,NA,NA
"2016-03-15",NA,NA,NA,NA,NA,NA,NA,NA,NA,NA,NA,NA,NA,NA,NA,NA,NA,NA,NA,NA,NA,NA,NA,NA,NA,NA,NA,NA,NA,NA,5608,5612,12151,5400.6,5412,4084,NA,NA,NA,5059.4,5070.8,782,4631,4641.2,490,NA,NA,NA
"2016-03-16",NA,NA,NA,NA,NA,NA,NA,NA,NA,NA,NA,NA,NA,NA,NA,NA,NA,NA,NA,NA,NA,NA,NA,NA,NA,NA,NA,NA,NA,NA,5565.4,5553.8,12799,5350.4,5347.2,7815,NA,NA,NA,5006,4997,998,4565,4553,619,NA,NA,NA
"2016-03-17",NA,NA,NA,NA,NA,NA,NA,NA,NA,NA,NA,NA,NA,NA,NA,NA,NA,NA,NA,NA,NA,NA,NA,NA,NA,NA,NA,NA,NA,NA,5760,5745.6,10005,5577.6,5563.4,13998,NA,NA,NA,5226,5221.2,992,4780,4775.2,712,NA,NA,NA
"2016-03-18",NA,NA,NA,NA,NA,NA,NA,NA,NA,NA,NA,NA,NA,NA,NA,NA,NA,NA,NA,NA,NA,NA,NA,NA,NA,NA,NA,NA,NA,NA,5944.6,5944.29,4699,5799.6,5798.8,16417,NA,NA,NA,5514,5513.6,1546,5149.2,5139.8,1202,NA,NA,NA
"2016-03-21",NA,NA,NA,NA,NA,NA,NA,NA,NA,NA,NA,NA,NA,NA,NA,NA,NA,NA,NA,NA,NA,NA,NA,NA,NA,NA,NA,NA,NA,NA,NA,NA,NA,5929.8,5908.8,14424,5803.6,5783,253,5703,5673.4,1464,5378.8,5338.4,1203,NA,NA,NA
"2016-03-22",NA,NA,NA,NA,NA,NA,NA,NA,NA,NA,NA,NA,NA,NA,NA,NA,NA,NA,NA,NA,NA,NA,NA,NA,NA,NA,NA,NA,NA,NA,NA,NA,NA,5921.6,5939.8,12716,5779.6,5808.6,211,5655,5680.4,961,5338.4,5354.6,754,NA,NA,NA
"2016-03-23",NA,NA,NA,NA,NA,NA,NA,NA,NA,NA,NA,NA,NA,NA,NA,NA,NA,NA,NA,NA,NA,NA,NA,NA,NA,NA,NA,NA,NA,NA,NA,NA,NA,5949.2,5937.8,13235,5803,5794.4,182,5687.8,5672.4,771,5354.8,5348.6,632,NA,NA,NA
"2016-03-24",NA,NA,NA,NA,NA,NA,NA,NA,NA,NA,NA,NA,NA,NA,NA,NA,NA,NA,NA,NA,NA,NA,NA,NA,NA,NA,NA,NA,NA,NA,NA,NA,NA,5843.4,5889.2,17212,5697.2,5753.8,271,5560,5606.2,946,5216.2,5260.6,805,NA,NA,NA
"2016-03-25",NA,NA,NA,NA,NA,NA,NA,NA,NA,NA,NA,NA,NA,NA,NA,NA,NA,NA,NA,NA,NA,NA,NA,NA,NA,NA,NA,NA,NA,NA,NA,NA,NA,5910.4,5887.2,13715,5753.8,5738.6,248,5620.8,5595.2,685,5260.2,5244.8,625,NA,NA,NA
"2016-03-28",NA,NA,NA,NA,NA,NA,NA,NA,NA,NA,NA,NA,NA,NA,NA,NA,NA,NA,NA,NA,NA,NA,NA,NA,NA,NA,NA,NA,NA,NA,NA,NA,NA,5857,5889.2,15579,5709,5731.4,352,5575,5605.6,947,5176.4,5217,898,NA,NA,NA
"2016-03-29",NA,NA,NA,NA,NA,NA,NA,NA,NA,NA,NA,NA,NA,NA,NA,NA,NA,NA,NA,NA,NA,NA,NA,NA,NA,NA,NA,NA,NA,NA,NA,NA,NA,5788.8,5769.2,16820,5605,5587.4,515,5464.4,5453.4,1058,5084.2,5063.6,740,NA,NA,NA
"2016-03-30",NA,NA,NA,NA,NA,NA,NA,NA,NA,NA,NA,NA,NA,NA,NA,NA,NA,NA,NA,NA,NA,NA,NA,NA,NA,NA,NA,NA,NA,NA,NA,NA,NA,6020.8,5990.4,16645,5844.4,5804.6,794,5680,5641.6,1281,5278.4,5261.2,842,NA,NA,NA
"2016-03-31",NA,NA,NA,NA,NA,NA,NA,NA,NA,NA,NA,NA,NA,NA,NA,NA,NA,NA,NA,NA,NA,NA,NA,NA,NA,NA,NA,NA,NA,NA,NA,NA,NA,6020,6037.6,14844,5845.6,5860.6,840,5683.8,5696.6,1068,5308.8,5312.4,588,NA,NA,NA
"2016-04-01",NA,NA,NA,NA,NA,NA,NA,NA,NA,NA,NA,NA,NA,NA,NA,NA,NA,NA,NA,NA,NA,NA,NA,NA,NA,NA,NA,NA,NA,NA,NA,NA,NA,6028,5985,16667,5847.6,5806,938,5680,5638.8,1030,5290.8,5242.6,808,NA,NA,NA
"2016-04-05",NA,NA,NA,NA,NA,NA,NA,NA,NA,NA,NA,NA,NA,NA,NA,NA,NA,NA,NA,NA,NA,NA,NA,NA,NA,NA,NA,NA,NA,NA,NA,NA,NA,6190.4,6208.6,16082,6026.2,6032.6,1451,5850,5858.4,1234,5440.6,5443.8,947,NA,NA,NA
"2016-04-06",NA,NA,NA,NA,NA,NA,NA,NA,NA,NA,NA,NA,NA,NA,NA,NA,NA,NA,NA,NA,NA,NA,NA,NA,NA,NA,NA,NA,NA,NA,NA,NA,NA,6223.4,6212.2,12384,6048,6036.4,1425,5863.6,5850.6,855,5434.4,5421.8,613,NA,NA,NA
"2016-04-07",NA,NA,NA,NA,NA,NA,NA,NA,NA,NA,NA,NA,NA,NA,NA,NA,NA,NA,NA,NA,NA,NA,NA,NA,NA,NA,NA,NA,NA,NA,NA,NA,NA,6156,6182.4,15000,5970.4,6000.6,1655,5790,5816,815,5361,5383.2,640,NA,NA,NA
"2016-04-08",NA,NA,NA,NA,NA,NA,NA,NA,NA,NA,NA,NA,NA,NA,NA,NA,NA,NA,NA,NA,NA,NA,NA,NA,NA,NA,NA,NA,NA,NA,NA,NA,NA,6114.2,6069.8,15056,5925.8,5887,2065,5735.6,5706.6,824,5315,5287.4,754,NA,NA,NA
"2016-04-11",NA,NA,NA,NA,NA,NA,NA,NA,NA,NA,NA,NA,NA,NA,NA,NA,NA,NA,NA,NA,NA,NA,NA,NA,NA,NA,NA,NA,NA,NA,NA,NA,NA,6237,6250.6,14493,6067,6069.6,2753,5878,5887.6,985,5424.8,5440.4,691,NA,NA,NA
"2016-04-12",NA,NA,NA,NA,NA,NA,NA,NA,NA,NA,NA,NA,NA,NA,NA,NA,NA,NA,NA,NA,NA,NA,NA,NA,NA,NA,NA,NA,NA,NA,NA,NA,NA,6239.8,6185.2,14188,6036.8,5997.4,3431,5854,5822,817,5430,5397.8,653,NA,NA,NA
"2016-04-13",NA,NA,NA,NA,NA,NA,NA,NA,NA,NA,NA,NA,NA,NA,NA,NA,NA,NA,NA,NA,NA,NA,NA,NA,NA,NA,NA,NA,NA,NA,NA,NA,NA,6306,6355.8,14248,6131.2,6183.2,7145,5966,6020.4,1236,5566.6,5599.2,865,NA,NA,NA
"2016-04-14",NA,NA,NA,NA,NA,NA,NA,NA,NA,NA,NA,NA,NA,NA,NA,NA,NA,NA,NA,NA,NA,NA,NA,NA,NA,NA,NA,NA,NA,NA,NA,NA,NA,6381.2,6364.8,8451,6214.6,6200.8,8871,6062.4,6048.8,994,5674.4,5660.6,722,NA,NA,NA
"2016-04-15",NA,NA,NA,NA,NA,NA,NA,NA,NA,NA,NA,NA,NA,NA,NA,NA,NA,NA,NA,NA,NA,NA,NA,NA,NA,NA,NA,NA,NA,NA,NA,NA,NA,6376.6,6374.38,4898,6214.6,6179.2,13187,6051,6023.6,914,5655.4,5636.4,670,NA,NA,NA
"2016-04-18",NA,NA,NA,NA,NA,NA,NA,NA,NA,NA,NA,NA,NA,NA,NA,NA,NA,NA,NA,NA,NA,NA,NA,NA,NA,NA,NA,NA,NA,NA,NA,NA,NA,NA,NA,NA,6093.2,6095.4,14073,5912.6,5925.8,1025,5510.6,5525.2,952,5193.2,5204.4,218
"2016-04-19",NA,NA,NA,NA,NA,NA,NA,NA,NA,NA,NA,NA,NA,NA,NA,NA,NA,NA,NA,NA,NA,NA,NA,NA,NA,NA,NA,NA,NA,NA,NA,NA,NA,NA,NA,NA,6102.6,6091.8,13211,5932.2,5927.2,981,5527.4,5521.4,860,5210.6,5199.4,236
"2016-04-20",NA,NA,NA,NA,NA,NA,NA,NA,NA,NA,NA,NA,NA,NA,NA,NA,NA,NA,NA,NA,NA,NA,NA,NA,NA,NA,NA,NA,NA,NA,NA,NA,NA,NA,NA,NA,5791.2,5800.4,17516,5611.4,5625.8,1788,5175.8,5197.2,1355,4910,4892.6,368
"2016-04-21",NA,NA,NA,NA,NA,NA,NA,NA,NA,NA,NA,NA,NA,NA,NA,NA,NA,NA,NA,NA,NA,NA,NA,NA,NA,NA,NA,NA,NA,NA,NA,NA,NA,NA,NA,NA,5788.4,5826.6,14947,5605.4,5657.2,1366,5180,5232,909,4876.8,4901,325
"2016-04-22",NA,NA,NA,NA,NA,NA,NA,NA,NA,NA,NA,NA,NA,NA,NA,NA,NA,NA,NA,NA,NA,NA,NA,NA,NA,NA,NA,NA,NA,NA,NA,NA,NA,NA,NA,NA,5850,5820,14142,5677.2,5650.2,1337,5260,5227.6,782,4918.2,4899.4,227
"2016-04-25",NA,NA,NA,NA,NA,NA,NA,NA,NA,NA,NA,NA,NA,NA,NA,NA,NA,NA,NA,NA,NA,NA,NA,NA,NA,NA,NA,NA,NA,NA,NA,NA,NA,NA,NA,NA,5815.4,5805.8,14091,5640.8,5631.4,1227,5228.6,5223.4,576,4917.8,4906.2,228
"2016-04-26",NA,NA,NA,NA,NA,NA,NA,NA,NA,NA,NA,NA,NA,NA,NA,NA,NA,NA,NA,NA,NA,NA,NA,NA,NA,NA,NA,NA,NA,NA,NA,NA,NA,NA,NA,NA,5885,5854.6,14340,5724.8,5680,1205,5309.2,5274.2,597,4990.8,4954.4,230
"2016-04-27",NA,NA,NA,NA,NA,NA,NA,NA,NA,NA,NA,NA,NA,NA,NA,NA,NA,NA,NA,NA,NA,NA,NA,NA,NA,NA,NA,NA,NA,NA,NA,NA,NA,NA,NA,NA,5865.8,5854,13355,5699.2,5691,1309,5284.4,5276.8,487,4954.4,4943.6,197
"2016-04-28",NA,NA,NA,NA,NA,NA,NA,NA,NA,NA,NA,NA,NA,NA,NA,NA,NA,NA,NA,NA,NA,NA,NA,NA,NA,NA,NA,NA,NA,NA,NA,NA,NA,NA,NA,NA,5833,5817.8,15156,5667.8,5657.8,1360,5278,5249.4,566,4932.8,4908.2,286
"2016-04-29",NA,NA,NA,NA,NA,NA,NA,NA,NA,NA,NA,NA,NA,NA,NA,NA,NA,NA,NA,NA,NA,NA,NA,NA,NA,NA,NA,NA,NA,NA,NA,NA,NA,NA,NA,NA,5844.8,5863,13060,5693,5703.4,1073,5287.8,5294.6,636,4949.8,4949.8,213
"2016-05-03",NA,NA,NA,NA,NA,NA,NA,NA,NA,NA,NA,NA,NA,NA,NA,NA,NA,NA,NA,NA,NA,NA,NA,NA,NA,NA,NA,NA,NA,NA,NA,NA,NA,NA,NA,NA,6085,6041,15722,5929,5890,1787,5517.2,5482.4,797,5160,5123,317
"2016-05-04",NA,NA,NA,NA,NA,NA,NA,NA,NA,NA,NA,NA,NA,NA,NA,NA,NA,NA,NA,NA,NA,NA,NA,NA,NA,NA,NA,NA,NA,NA,NA,NA,NA,NA,NA,NA,6062.8,6073,11968,5913.4,5923.4,1380,5523.8,5531.8,749,5170,5175.2,311
"2016-05-05",NA,NA,NA,NA,NA,NA,NA,NA,NA,NA,NA,NA,NA,NA,NA,NA,NA,NA,NA,NA,NA,NA,NA,NA,NA,NA,NA,NA,NA,NA,NA,NA,NA,NA,NA,NA,6132.8,6105,12362,5976.6,5954.6,1563,5615,5583,700,5275.8,5234.8,268
"2016-05-06",NA,NA,NA,NA,NA,NA,NA,NA,NA,NA,NA,NA,NA,NA,NA,NA,NA,NA,NA,NA,NA,NA,NA,NA,NA,NA,NA,NA,NA,NA,NA,NA,NA,NA,NA,NA,5887.8,5932.6,16908,5734.6,5774.2,2382,5372.6,5390.6,1313,5048.2,5075.6,547
"2016-05-09",NA,NA,NA,NA,NA,NA,NA,NA,NA,NA,NA,NA,NA,NA,NA,NA,NA,NA,NA,NA,NA,NA,NA,NA,NA,NA,NA,NA,NA,NA,NA,NA,NA,NA,NA,NA,5652.8,5685.8,15386,5493.8,5522,3379,5160,5189.8,1056,4871.4,4914.8,538
"2016-05-10",NA,NA,NA,NA,NA,NA,NA,NA,NA,NA,NA,NA,NA,NA,NA,NA,NA,NA,NA,NA,NA,NA,NA,NA,NA,NA,NA,NA,NA,NA,NA,NA,NA,NA,NA,NA,5650,5665,12254,5492,5504.2,2632,5143,5156,712,4846,4858.2,422
"2016-05-11",NA,NA,NA,NA,NA,NA,NA,NA,NA,NA,NA,NA,NA,NA,NA,NA,NA,NA,NA,NA,NA,NA,NA,NA,NA,NA,NA,NA,NA,NA,NA,NA,NA,NA,NA,NA,5640.4,5677.2,14334,5479,5514.2,2774,5127.4,5166.2,639,4844,4866.2,327
"2016-05-12",NA,NA,NA,NA,NA,NA,NA,NA,NA,NA,NA,NA,NA,NA,NA,NA,NA,NA,NA,NA,NA,NA,NA,NA,NA,NA,NA,NA,NA,NA,NA,NA,NA,NA,NA,NA,5670,5654,14964,5512,5494.8,3489,5168.4,5160.4,818,4882.2,4874,413
"2016-05-13",NA,NA,NA,NA,NA,NA,NA,NA,NA,NA,NA,NA,NA,NA,NA,NA,NA,NA,NA,NA,NA,NA,NA,NA,NA,NA,NA,NA,NA,NA,NA,NA,NA,NA,NA,NA,5659.2,5648.2,13460,5488,5484,3564,5122.2,5123.2,959,4828,4826.8,375
"2016-05-16",NA,NA,NA,NA,NA,NA,NA,NA,NA,NA,NA,NA,NA,NA,NA,NA,NA,NA,NA,NA,NA,NA,NA,NA,NA,NA,NA,NA,NA,NA,NA,NA,NA,NA,NA,NA,5772.2,5752.2,13276,5606.4,5582.6,4477,5215.8,5192,1213,4917,4892.2,391
"2016-05-17",NA,NA,NA,NA,NA,NA,NA,NA,NA,NA,NA,NA,NA,NA,NA,NA,NA,NA,NA,NA,NA,NA,NA,NA,NA,NA,NA,NA,NA,NA,NA,NA,NA,NA,NA,NA,5772.2,5752.2,13276,5606.4,5582.6,4477,5215.8,5192,1213,4917,4892.2,391
